name,price,url,image,bedrooms,sqft,address,city,state,zip
"300 Summer St Apt 62, Boston, MA 02210",523793,https://www.realtor.com/realestateandhomes-detail/300-Summer-St-Apt-62_Boston_MA_02210_M90447-39863,https://ap.rdcpix.com/c992713d11f1c3fdd375bbedb2842e79l-m2939315301od-w480_h480_q80.jpg,2,1557,300 Summer St Apt 62,Boston,MA,02210
"25 Addington Rd, Boston, MA 02132",685000,https://www.realtor.com/realestateandhomes-detail/25-Addington-Rd_Boston_MA_02132_M30120-68637,https://ap.rdcpix.com/5fdedb8d9f4636980353b7292736319al-m911416933od-w480_h480_q80.jpg,4,1479,25 Addington Rd,Boston,MA,02132
"39 Hancock St, Boston, MA 02114",5995000,https://www.realtor.com/realestateandhomes-detail/39-Hancock-St_Boston_MA_02114_M49720-03352,https://ap.rdcpix.com/0711ad284ccdd5cc04f54cf3ad278887l-w16798973od-w480_h480_q80.jpg,5,5177,39 Hancock St,Boston,MA,02114
"107 West St, Boston, MA 02136",470000,https://www.realtor.com/realestateandhomes-detail/107-West-St_Boston_MA_02136_M45670-57099,https://ap.rdcpix.com/fcd3f7febefe8494afbdebe20e1a0a5dl-m154631358od-w480_h480_q80.jpg,4,2156,107 West St,Boston,MA,02136
"34-36 Juniper St Unit 3, Roxbury, MA 02119",579000,https://www.realtor.com/realestateandhomes-detail/34-36-Juniper-St-Unit-3_Roxbury_MA_02119_M95336-61774,https://ap.rdcpix.com/0543eb621484bfe5fe80586c57a0854cl-m2916997775od-w480_h480_q80.jpg,2,1240,34-36 Juniper St Unit 3,Roxbury,MA,02119
"79-81 Rossmore Rd Unit 3, Boston, MA 02130",749000,https://www.realtor.com/realestateandhomes-detail/79-81-Rossmore-Rd-Unit-3_Boston_MA_02130_M98346-41836,https://ap.rdcpix.com/60a83e077ee7cdb1c96bc4a7623bc233l-m3623417627od-w480_h480_q80.jpg,3,1146,79-81 Rossmore Rd Unit 3,Boston,MA,02130
"99 Brookley Rd Apt 3, Boston, MA 02130",949000,https://www.realtor.com/realestateandhomes-detail/99-Brookley-Rd-Apt-3_Boston_MA_02130_M96051-07387,https://ap.rdcpix.com/018ec779439c5d836488494d4a5f7213l-m1686017590od-w480_h480_q80.jpg,3,1372,99 Brookley Rd Apt 3,Boston,MA,02130
"22 Alaska St, Boston, MA 02119",1175000,https://www.realtor.com/realestateandhomes-detail/22-Alaska-St_Boston_MA_02119_M44591-56972,https://ap.rdcpix.com/125255acec84400f8a3bb0b13ebdf9d9l-m3605589445od-w480_h480_q80.jpg,6,3018,22 Alaska St,Boston,MA,02119
"78 Park St, Boston, MA 02132",999000,https://www.realtor.com/realestateandhomes-detail/78-Park-St_Boston_MA_02132_M40124-84237,https://ap.rdcpix.com/d9ecb16358c6980f22de7a4eda8567bfl-m92131090od-w480_h480_q80.jpg,8,3674,78 Park St,Boston,MA,02132
"132 Chelsea St, Boston, MA 02128",1199900,https://www.realtor.com/realestateandhomes-detail/132-Chelsea-St_East-Boston_MA_02128_M94452-20868,https://ap.rdcpix.com/9ee635442e8e2f966b871dab5d0deecfl-m2512887864od-w480_h480_q80.jpg,8,2800,132 Chelsea St,Boston,MA,02128
"66 Williams St, Boston, MA 02130",1650000,https://www.realtor.com/realestateandhomes-detail/66-Williams-St_Boston_MA_02130_M92031-00635,https://ap.rdcpix.com/8e266fb22e377d871a8b1b383b926f40l-m919378906od-w480_h480_q80.jpg,8,3744,66 Williams St,Boston,MA,02130
"1104-1106 Saratoga St, Boston, MA 02128",899900,https://www.realtor.com/realestateandhomes-detail/1104-1106-Saratoga-St_Boston_MA_02128_M92873-46528,https://ap.rdcpix.com/8f63da1253f55535866708763fd51c1al-b912920704od-w480_h480_q80.jpg,5,1932,1104-1106 Saratoga St,Boston,MA,02128
"252 Bremen St Unit 2, Boston, MA 02128",695000,https://www.realtor.com/realestateandhomes-detail/252-Bremen-St-2_Boston_MA_02128_M36738-57664,https://ap.rdcpix.com/7f9d9fd2175720de3a5e0a09d9935cf1l-m3713785664od-w480_h480_q80.jpg,2,900,252 Bremen St Unit 2,Boston,MA,02128
"11 Howitt Rd, Boston, MA 02132",1179000,https://www.realtor.com/realestateandhomes-detail/11-Howitt-Rd_Boston_MA_02132_M33916-89273,https://ap.rdcpix.com/eb2eb0585d3132f8a07dc97659075af7l-b1250061847od-w480_h480_q80.jpg,4,1746,11 Howitt Rd,Boston,MA,02132
"8 Courtney Rd, Boston, MA 02132",715000,https://www.realtor.com/realestateandhomes-detail/8-Courtney-Rd_Boston_MA_02132_M35982-94808,https://ap.rdcpix.com/d94c5d9eb97793e968898bc4335bea7al-m3250196510od-w480_h480_q80.jpg,3,1570,8 Courtney Rd,Boston,MA,02132
"224 W 9th St, Boston, MA 02127",779000,https://www.realtor.com/realestateandhomes-detail/Unit-1_224-W-9th_224-W-9th-St_Boston_MA_02127_P417000845986,https://nh.rdcpix.com/2220826cf1799507e90e71a1b49127a5e-f1042808602od-w480_h480_q80.jpg,2,850,224 W 9th St,Boston,MA,02127
"102 Cornell St, Boston, MA 02131",695000,https://www.realtor.com/realestateandhomes-detail/102-Cornell-St_Roslindale_MA_02131_M33968-04674,https://ap.rdcpix.com/bc8d8351c772ac92bfc8d7a6b1a9ac9cl-m3747508001od-w480_h480_q80.jpg,3,1316,102 Cornell St,Boston,MA,02131
"115 Salem St Apt 7, Boston, MA 02113",438000,https://www.realtor.com/realestateandhomes-detail/115-Salem-St-Apt-7_Boston_MA_02113_M42437-00334,https://ap.rdcpix.com/4057f66d07a47cac3dc7821b761097cfl-b397473089od-w480_h480_q80.jpg,1,339,115 Salem St Apt 7,Boston,MA,02113
"45 Shipway Pl Unit 45, Boston, MA 02129",1565000,https://www.realtor.com/realestateandhomes-detail/45-Shipway-Pl_Boston_MA_02129_M41663-00377,https://ap.rdcpix.com/a763cb28b9c995c1fb1de2cc2e1501c7l-m3662310874od-w480_h480_q80.jpg,2,1661,45 Shipway Pl Unit 45,Boston,MA,02129
"149 Deforest St, Boston, MA 02131",565000,https://www.realtor.com/realestateandhomes-detail/149-Deforest-St_Boston_MA_02131_M39707-95019,https://ap.rdcpix.com/0b5155b040d81bf5f695eb8856db1837l-b3375196265od-w480_h480_q80.jpg,4,1585,149 Deforest St,Boston,MA,02131
"9 Joan Rd, Boston, MA 02136",645000,https://www.realtor.com/realestateandhomes-detail/9-Joan-Rd_Boston_MA_02136_M40225-98531,https://ap.rdcpix.com/fde4a63de7a0175bb99117ba30c69a7dl-b168265334od-w480_h480_q80.jpg,4,2200,9 Joan Rd,Boston,MA,02136
"76 Green St, Boston, MA 02129",1249000,https://www.realtor.com/realestateandhomes-detail/76-Green-St_Boston_MA_02129_M40726-88330,https://ap.rdcpix.com/58d72fcbc6a5186e6e4fd75450a94f1al-b2090642934od-w480_h480_q80.jpg,3,1600,76 Green St,Boston,MA,02129
"36 Lime St, Boston, MA 02108",15999000,https://www.realtor.com/realestateandhomes-detail/36-Lime-St_Boston_MA_02108_M49092-66398,https://ap.rdcpix.com/38e0146f036cf3628b8788dfb098bc6fl-m861193275od-w480_h480_q80.jpg,5,5875,36 Lime St,Boston,MA,02108
"31 Monument Sq, Boston, MA 02129",6500000,https://www.realtor.com/realestateandhomes-detail/31-Monument-Sq_Charlestown_MA_02129_M40925-51077,https://ap.rdcpix.com/a45a5ec2a360fe445afbd83f15f158dal-m4098329006od-w480_h480_q80.jpg,6,4656,31 Monument Sq,Boston,MA,02129
"122 Aldrich St, Boston, MA 02131",949900,https://www.realtor.com/realestateandhomes-detail/122-Aldrich-St_Boston_MA_02131_M34444-13581,https://ap.rdcpix.com/e55f4b25502f5c04fe76fe11acc537cel-m3051512520od-w480_h480_q80.jpg,7,2616,122 Aldrich St,Boston,MA,02131
"483 Beacon St Apt 75, Boston, MA 02115",815000,https://www.realtor.com/realestateandhomes-detail/483-Beacon-St-Apt-75_Boston_MA_02115_M42361-64573,https://ap.rdcpix.com/e7fafb258aface8599405569c6d15ac6l-m1010720309od-w480_h480_q80.jpg,2,648,483 Beacon St Apt 75,Boston,MA,02115
"56 Business St Unit 56, Boston, MA 02136",549000,https://www.realtor.com/realestateandhomes-detail/56-Business-St_Boston_MA_02136_M39779-94651,https://ap.rdcpix.com/ac1a1c25d25d8d5976dc995d062fb423l-m3442105908od-w480_h480_q80.jpg,4,1718,56 Business St Unit 56,Boston,MA,02136
"7 Waumbeck St Unit 2, Boston, MA 02121",649000,https://www.realtor.com/realestateandhomes-detail/7-Waumbeck-St-2_Boston_MA_02121_M98193-04946,https://ap.rdcpix.com/17710242d3fedfb5b01b9e10161f7327l-b3408567726od-w480_h480_q80.jpg,3,1566,7 Waumbeck St Unit 2,Boston,MA,02121
"22 Brimmer St, Boston, MA 02108",13995000,https://www.realtor.com/realestateandhomes-detail/22-Brimmer-St_Boston_MA_02108_M36649-56578,https://ap.rdcpix.com/9824113a6c4ff02241d12d6bd396889cl-m2115545516od-w480_h480_q80.jpg,4,6138,22 Brimmer St,Boston,MA,02108
"244 Beacon St Apt 1B, Boston, MA 02116",1265000,https://www.realtor.com/realestateandhomes-detail/244-Beacon-St-Apt-1B_Boston_MA_02116_M43716-03530,https://ap.rdcpix.com/bd8e8b99ca2f8dc0cba5d9e1d30f38dbl-m3590786010od-w480_h480_q80.jpg,3,1173,244 Beacon St Apt 1B,Boston,MA,02116
"183 Temple St, Boston, MA 02132",550000,https://www.realtor.com/realestateandhomes-detail/183-Temple-St_Boston_MA_02132_M42974-56899,https://ap.rdcpix.com/4e114ad3f07eebd37e2ec51859e8c472l-m4149538293od-w480_h480_q80.jpg,4,1900,183 Temple St,Boston,MA,02132
"2 Pier 8 13th St Unit Dockb, Boston, MA 02129",499000,https://www.realtor.com/realestateandhomes-detail/2-Pier-8-13th-St-Unit-Dockb_Boston_MA_02129_M92729-75358,https://ap.rdcpix.com/c042b5210fb5557f15b0108f4876ff0al-b1521101533od-w480_h480_q80.jpg,3,1152,2 Pier 8 13th St Unit Dockb,Boston,MA,02129
"138 Sycamore St, Boston, MA 02131",1095000,https://www.realtor.com/realestateandhomes-detail/138-Sycamore-St_Boston_MA_02131_M48711-77456,https://ap.rdcpix.com/3d47b14e580307fcef76cb4d24c77b9dl-m994381128od-w480_h480_q80.jpg,7,2628,138 Sycamore St,Boston,MA,02131
"14 Manila Ave, Boston, MA 02136",629900,https://www.realtor.com/realestateandhomes-detail/14-Manila-Ave_Boston_MA_02136_M34958-51954,https://ap.rdcpix.com/cf8e0f92770647fb845029d30765e303l-m1216164377od-w480_h480_q80.jpg,3,1326,14 Manila Ave,Boston,MA,02136
"42 Cedar Grove St, Boston, MA 02124",849999,https://www.realtor.com/realestateandhomes-detail/42-Cedar-Grove-St_Boston_MA_02124_M42536-21482,https://ap.rdcpix.com/b400f135c16dc36b7dcc15b4e7ed24a7l-m1192162646od-w480_h480_q80.jpg,4,1740,42 Cedar Grove St,Boston,MA,02124
"49 Grove St Unit Ph, Boston, MA 02114",2400000,https://www.realtor.com/realestateandhomes-detail/49-Grove-St_Boston_MA_02114_M92898-25212,https://ap.rdcpix.com/219dc3b0d04855b8c2b3f1f4653d8407l-m2802928301od-w480_h480_q80.jpg,1,1327,49 Grove St Unit Ph,Boston,MA,02114
"34-R Marcella St, Boston, MA 02119",725000,https://www.realtor.com/realestateandhomes-detail/34R-Marcella-St_Boston_MA_02119_M42604-83243,https://ap.rdcpix.com/e5effc37bf04ad7431ca5d22247cbb8bl-m115789753od-w480_h480_q80.jpg,3,1042,34-R Marcella St,Boston,MA,02119
"252 Marlborough St Apt 4, Boston, MA 02116",1475000,https://www.realtor.com/realestateandhomes-detail/252-Marlborough-St-Apt-4_Boston_MA_02116_M93611-94008,https://ap.rdcpix.com/62f0c7f6476c127c2b0835314dbefecdl-b1529779004od-w480_h480_q80.jpg,2,1170,252 Marlborough St Apt 4,Boston,MA,02116
"3500 Washington St, Boston, MA 02130",749000,https://www.realtor.com/realestateandhomes-detail/3500-Washington-St_Boston_MA_02130_M41835-41914,https://ap.rdcpix.com/e85893b86946203d5c725ca50721ad38l-b1526091055od-w480_h480_q80.jpg,3,1532,3500 Washington St,Boston,MA,02130
"50 Brimmer St, Boston, MA 02108",3950000,https://www.realtor.com/realestateandhomes-detail/50-Brimmer-St_Boston_MA_02108_M44241-38359,https://ap.rdcpix.com/04385a3134c5c514b05c7207d3422c9al-m1213217018od-w480_h480_q80.jpg,3,3177,50 Brimmer St,Boston,MA,02108
"1306 Columbia Rd Apt 4A, Boston, MA 02127",799000,https://www.realtor.com/realestateandhomes-detail/1306-Columbia-Rd-Apt-4A_Boston_MA_02127_M30808-78015,https://ap.rdcpix.com/e941311f1bac2d3065e5a15854d1604cl-m4176606910od-w480_h480_q80.jpg,2,1211,1306 Columbia Rd Apt 4A,Boston,MA,02127
"328 Commercial St Apt 35, Boston, MA 02109",799000,https://www.realtor.com/realestateandhomes-detail/328-Commercial-St-Apt-35_Boston_MA_02109_M46644-23070,https://ap.rdcpix.com/2298ad0a652a484037acfd074594b8f5l-b938375022od-w480_h480_q80.jpg,1,763,328 Commercial St Apt 35,Boston,MA,02109
"1810 Dorchester Ave Apt 8, Boston, MA 02124",299000,https://www.realtor.com/realestateandhomes-detail/1810-Dorchester-Ave-Apt-8_Boston_MA_02124_M34853-04286,https://ap.rdcpix.com/6540fd20a02829ef6435bb0b932be16al-m3711290998od-w480_h480_q80.jpg,1,450,1810 Dorchester Ave Apt 8,Boston,MA,02124
"125 Commonwealth Ave, Boston, MA 02116",14250000,https://www.realtor.com/realestateandhomes-detail/125-Commonwealth-Ave_Boston_MA_02116_M44472-71582,https://ap.rdcpix.com/dd843ae14bccb1c4b477cf8633703491l-m1368527226od-w480_h480_q80.jpg,5,9000,125 Commonwealth Ave,Boston,MA,02116
"4 Gloucester St, Boston, MA 02115",19995000,https://www.realtor.com/realestateandhomes-detail/4-Gloucester-St_Boston_MA_02115_M97528-06112,https://ap.rdcpix.com/3293997098dac2854743666fc53d4de8l-m2576049182od-w480_h480_q80.jpg,7,9924,4 Gloucester St,Boston,MA,02115
"11 Pacific St, Boston, MA 02127",779000,https://www.realtor.com/realestateandhomes-detail/11-Pacific-St_Boston_MA_02127_M35232-56943,https://ap.rdcpix.com/a502eb77807859b983f6f4f6c10f9ee1l-m2820778953od-w480_h480_q80.jpg,7,2535,11 Pacific St,Boston,MA,02127
"57 Hancock St, Boston, MA 02114",12900000,https://www.realtor.com/realestateandhomes-detail/57-Hancock-St_Boston_MA_02114_M42787-06352,https://ap.rdcpix.com/db4e8c698ef9860aa7221f1ee2885df8l-m3007298637od-w480_h480_q80.jpg,5,7777,57 Hancock St,Boston,MA,02114
"98 Pleasant St Apt 2, Boston, MA 02125",399000,https://www.realtor.com/realestateandhomes-detail/98-Pleasant-St-Apt-2_Dorchester_MA_02125_M41982-37290,https://ap.rdcpix.com/474b1177b64ef8a757ef692191effff7l-b3467666897od-w480_h480_q80.jpg,1,580,98 Pleasant St Apt 2,Boston,MA,02125
"75 Hillsdale St, Boston, MA 02124",1100000,https://www.realtor.com/realestateandhomes-detail/75-Hillsdale-St_Boston_MA_02124_M35637-99140,https://ap.rdcpix.com/5f290957257c03addb4dbebe324fad1cl-w1539672470od-w480_h480_q80.jpg,4,4944,75 Hillsdale St,Boston,MA,02124
"368 W Roxbury Pkwy, Boston, MA 02132",1200000,https://www.realtor.com/realestateandhomes-detail/368-W-Roxbury-Pkwy_Boston_MA_02132_M33259-22648,https://ap.rdcpix.com/1b130f349e28f6e480a1bcfb4163c7c4l-b1432540058od-w480_h480_q80.jpg,3,2304,368 W Roxbury Pkwy,Boston,MA,02132
"14-16 Evergreen St Unit 1, Boston, MA 02130",689000,https://www.realtor.com/realestateandhomes-detail/14-16-Evergreen-St-Unit-1_Boston_MA_02130_M90867-75969,https://ap.rdcpix.com/030fa2671466088ea7b6fb898ea9c17bl-m1559296012od-w480_h480_q80.jpg,2,1000,14-16 Evergreen St Unit 1,Boston,MA,02130
"1 Dalton St Unit 5801/5802, Boston, MA 02199",38000000,https://www.realtor.com/realestateandhomes-detail/1-Dalton-St_Boston_MA_02115_M92110-87738,https://ap.rdcpix.com/80a25dd337c994e3ff3ac197f93d716bl-m3173575079od-w480_h480_q80.jpg,5,7848,1 Dalton St Unit 5801/5802,Boston,MA,02199
"111-113 Dustin St, Boston, MA 02135",1500000,https://www.realtor.com/realestateandhomes-detail/111-113-Dustin-St_Boston_MA_02135_M92744-90669,https://ap.rdcpix.com/8f2eaa993546f8199602993f615ca1c7l-m1773137209od-w480_h480_q80.jpg,8,3316,111-113 Dustin St,Boston,MA,02135
"34 Harvard St, Boston, MA 02129",3295000,https://www.realtor.com/realestateandhomes-detail/34-Harvard-St_Boston_MA_02129_M42231-26875,https://ap.rdcpix.com/c2055838a8e7e1f473014ac524be24f4l-m1190592052od-w480_h480_q80.jpg,4,4080,34 Harvard St,Boston,MA,02129
"352 Marlborough St, Boston, MA 02115",9450000,https://www.realtor.com/realestateandhomes-detail/352-Marlborough-St_Boston_MA_02115_M43178-55891,https://ap.rdcpix.com/aba75d130d25360433ed5e879d5e0be7l-m3167724913od-w480_h480_q80.jpg,4,4754,352 Marlborough St,Boston,MA,02115
"89 Newfield St, Boston, MA 02132",1675000,https://www.realtor.com/realestateandhomes-detail/89-Newfield-St_Boston_MA_02132_M32277-19126,https://ap.rdcpix.com/b861ce1af34ba41829f86db95b2f2445l-b3050666494od-w480_h480_q80.jpg,5,3509,89 Newfield St,Boston,MA,02132
"65-69 Nightingale St Unit 4B, Boston, MA 02124",269900,https://www.realtor.com/realestateandhomes-detail/65-69-Nightingale-St-Unit-4B_Boston_MA_02124_M95677-96732,https://ap.rdcpix.com/50aa384b1be931e12712c327257c17adl-m2415362415od-w480_h480_q80.jpg,2,913,65-69 Nightingale St Unit 4B,Boston,MA,02124
"160 Commonwealth Ave Apt 520, Boston, MA 02116",919000,https://www.realtor.com/realestateandhomes-detail/160-Commonwealth-Ave-Apt-520_Boston_MA_02116_M41532-33330,https://ap.rdcpix.com/ca5b52ee31b191a93ba3d4772084a4ecl-m3304097739od-w480_h480_q80.jpg,1,726,160 Commonwealth Ave Apt 520,Boston,MA,02116
"81-83 Pierce Ave Unit 3, Boston, MA 02122",409900,https://www.realtor.com/realestateandhomes-detail/81-83-Pierce-Ave-Unit-3_Boston_MA_02122_M95993-08768,https://ap.rdcpix.com/7fe7549859f901b79be5c71a49bd5134l-b2787655192od-w480_h480_q80.jpg,1,721,81-83 Pierce Ave Unit 3,Boston,MA,02122
"80-84 Shepton St Unit 80-3, Boston, MA 02124",399000,https://www.realtor.com/realestateandhomes-detail/80-84-Shepton-St-Unit-80-3_Boston_MA_02124_M93768-83678,https://ap.rdcpix.com/c2420dd06af5e451f3d2a31992d967e1l-b2441383161od-w480_h480_q80.jpg,2,969,80-84 Shepton St Unit 80-3,Boston,MA,02124
"57 Fulton St Apt 9, Boston, MA 02109",1100000,https://www.realtor.com/realestateandhomes-detail/57-Fulton-St-Apt-9_Boston_MA_02109_M36205-80573,https://ap.rdcpix.com/bab92438f0f1e83e2c8ef2584eac4f82l-m2375716644od-w480_h480_q80.jpg,2,1154,57 Fulton St Apt 9,Boston,MA,02109
"233 Commonwealth Ave Apt 2, Boston, MA 02116",689000,https://www.realtor.com/realestateandhomes-detail/233-Commonwealth-Ave-Apt-2_Boston_MA_02116_M38047-70874,https://ap.rdcpix.com/4056f799bfb650bde1e418a68b355ea5l-m1334591913od-w480_h480_q80.jpg,0,704,233 Commonwealth Ave Apt 2,Boston,MA,02116
"15 North Beacon St Apt 714, Boston, MA 02134",620000,https://www.realtor.com/realestateandhomes-detail/15-North-Beacon-St-Apt-714_Boston_MA_02134_M47710-07610,https://ap.rdcpix.com/56c6f3b58ff22e7710d34176135bc78cl-m4265046792od-w480_h480_q80.jpg,2,825,15 North Beacon St Apt 714,Boston,MA,02134
"20 Hereford St Apt 3, Boston, MA 02115",975000,https://www.realtor.com/realestateandhomes-detail/20-Hereford-St-Apt-3_Boston_MA_02115_M48880-53301,https://ap.rdcpix.com/92ce3281d8e0295d57a1bcadbabcc841l-m2722755540od-w480_h480_q80.jpg,2,743,20 Hereford St Apt 3,Boston,MA,02115
"19 Standard St Unit 2, Boston, MA 02126",650000,https://www.realtor.com/realestateandhomes-detail/19-Standard-St-2_Mattapan_MA_02126_M98187-13276,https://ap.rdcpix.com/8fa69782cc995fc9fab45a7d7cf7c448l-m1538897538od-w480_h480_q80.jpg,3,1600,19 Standard St Unit 2,Boston,MA,02126
"463 Mass Ave Apt 5, Boston, MA 02118",799900,https://www.realtor.com/realestateandhomes-detail/463-Mass-Ave-Apt-5_Boston_MA_02118_M41283-83976,https://ap.rdcpix.com/a29f2ae911de7b19c26ea94f305cbc06l-m273817976od-w480_h480_q80.jpg,2,895,463 Mass Ave Apt 5,Boston,MA,02118
"443 Poplar St, Boston, MA 02131",929000,https://www.realtor.com/realestateandhomes-detail/443-Poplar-St_Boston_MA_02131_M33053-54051,https://ap.rdcpix.com/ad6037eb71f7925a47692e1d024505ddl-m4005817262od-w480_h480_q80.jpg,3,1708,443 Poplar St,Boston,MA,02131
"43 Ainsworth St Apt 1, Boston, MA 02131",748000,https://www.realtor.com/realestateandhomes-detail/43-Ainsworth-St-Apt-1_Boston_MA_02131_M99207-96865,https://ap.rdcpix.com/83944aa16b836824a62752db35349495l-m1459373192od-w480_h480_q80.jpg,3,1375,43 Ainsworth St Apt 1,Boston,MA,02131
"103 E Brookline St Apt 1, Boston, MA 02118",359000,https://www.realtor.com/realestateandhomes-detail/103-E-Brookline-St-Apt-1_Boston_MA_02118_M31639-43800,https://ap.rdcpix.com/bb45d8040757edd9ff168d2218023205l-m1706946329od-w480_h480_q80.jpg,0,259,103 E Brookline St Apt 1,Boston,MA,02118
"10 Ruthven Park Apt 1, Boston, MA 02121",539999,https://www.realtor.com/realestateandhomes-detail/10-Ruthven-Park-Apt-1_Boston_MA_02121_M94795-79565,https://ap.rdcpix.com/8950a8e76bd846e8a761a3548e0c6f3el-m460163152od-w480_h480_q80.jpg,2,1169,10 Ruthven Park Apt 1,Boston,MA,02121
"40 Hollywood Rd, Boston, MA 02132",725000,https://www.realtor.com/realestateandhomes-detail/40-Hollywood-Rd_Boston_MA_02132_M47324-17459,https://ap.rdcpix.com/7dd48dad6e0fc260987b12b9f54fb497l-m290137364od-w480_h480_q80.jpg,3,1397,40 Hollywood Rd,Boston,MA,02132
"103 Geneva Ave, Boston, MA 02121",975000,https://www.realtor.com/realestateandhomes-detail/103-Geneva-Ave_Boston_MA_02121_M99352-91052,https://ap.rdcpix.com/60f678c8bf674836a95d5767804a95bel-m1976524872od-w480_h480_q80.jpg,8,3440,103 Geneva Ave,Boston,MA,02121
"129 Commonwealth Ave, Boston, MA 02116",24850000,https://www.realtor.com/realestateandhomes-detail/129-Commonwealth-Ave_Boston_MA_02116_M45979-79608,https://ap.rdcpix.com/d274b31c605516b4b43dcbf6ea6ceafbl-m2619838968od-w480_h480_q80.jpg,5,7880,129 Commonwealth Ave,Boston,MA,02116
"37 New Haven St, Boston, MA 02132",725000,https://www.realtor.com/realestateandhomes-detail/37-New-Haven-St_Boston_MA_02132_M41392-51601,https://ap.rdcpix.com/17dee807607eb161cdea85a152a6f325l-m1221390367od-w480_h480_q80.jpg,4,1973,37 New Haven St,Boston,MA,02132
"1149 Hyde Park Ave, Boston, MA 02136",1099000,https://www.realtor.com/realestateandhomes-detail/1149-Hyde-Park-Ave_Boston_MA_02136_M36105-86271,https://ap.rdcpix.com/da8a5b287ee2523d2126794bf47069d4l-m1104648045od-w480_h480_q80.jpg,6,2288,1149 Hyde Park Ave,Boston,MA,02136
"8 Prospect St Apt 2, Boston, MA 02129",995000,https://www.realtor.com/realestateandhomes-detail/8-Prospect-St-Apt-2_Boston_MA_02129_M31772-31506,https://ap.rdcpix.com/5cbdbeb492f5e564d23ed4c6f7f17572l-m1533038894od-w480_h480_q80.jpg,2,1259,8 Prospect St Apt 2,Boston,MA,02129
"119 Walnut St, Boston, MA 02122",719000,https://www.realtor.com/realestateandhomes-detail/119-Walnut-St_Boston_MA_02122_M31258-71305,https://ap.rdcpix.com/2cff6e0afbe761b171e817a658c426b1l-b3923065317od-w480_h480_q80.jpg,5,2004,119 Walnut St,Boston,MA,02122
"1 Westinghouse Plz Unit C328, Boston, MA 02136",569000,https://www.realtor.com/realestateandhomes-detail/1-Westinghouse-Plz-Unit-C328_Boston_MA_02136_M32371-28301,https://ap.rdcpix.com/ec71e37baf47a6e0f39bb51155cedf4al-m4104029509od-w480_h480_q80.jpg,1,1436,1 Westinghouse Plz Unit C328,Boston,MA,02136
"28 Clarendon St, Boston, MA 02116",2950000,https://www.realtor.com/realestateandhomes-detail/28-Clarendon-St_Boston_MA_02116_M41265-28170,https://ap.rdcpix.com/2166bdae88f8b68f26e7c74c319a72b4l-m2700555834od-w480_h480_q80.jpg,3,2338,28 Clarendon St,Boston,MA,02116
"6 Whittier Pl, Boston, MA 02114",40000,https://www.realtor.com/realestateandhomes-detail/6-Whittier-Pl_Boston_MA_02114_M94923-65016,https://ap.rdcpix.com/b8ba3beac6f9b1f9be77961980b21454l-m3404484095od-w480_h480_q80.jpg,,,6 Whittier Pl,Boston,MA,02114
"134 Warren Ave, Boston, MA 02136",289000,https://www.realtor.com/realestateandhomes-detail/134-Warren-Ave_Boston_MA_02136_M97659-93585,https://ap.rdcpix.com/76f494495bd0dcd5aada732657874c31l-m1357672762od-w480_h480_q80.jpg,,,134 Warren Ave,Boston,MA,02136
"15 Virgil Rd Unit 15, Boston, MA 02132",599000,https://www.realtor.com/realestateandhomes-detail/15-Virgil-Rd_Boston_MA_02132_M48941-52169,https://ap.rdcpix.com/744d28fc79b30cca73c1e40c290d822dl-m1064511078od-w480_h480_q80.jpg,2,1206,15 Virgil Rd Unit 15,Boston,MA,02132
"3 Avery St Unit 606, Boston, MA 02111",849000,https://www.realtor.com/realestateandhomes-detail/3-Avery-St-Unit-606_Boston_MA_02111_M39509-53611,https://ap.rdcpix.com/f9c5fd4841c1cb611f2d4c3eece32a97l-b2097531666od-w480_h480_q80.jpg,2,1276,3 Avery St Unit 606,Boston,MA,02111
"22 Louisburg Sq, Boston, MA 02108",16000000,https://www.realtor.com/realestateandhomes-detail/22-Louisburg-Sq_Boston_MA_02108_M48888-73000,https://ap.rdcpix.com/98dd3d795cbc41fba3f316ebe76e138dl-m609754311od-w480_h480_q80.jpg,4,7424,22 Louisburg Sq,Boston,MA,02108
"124 Leyden St, Boston, MA 02128",925000,https://www.realtor.com/realestateandhomes-detail/124-Leyden-St_East-Boston_MA_02128_M94148-91880,https://ap.rdcpix.com/02f70eb3fb4d5176a01ca9fbe207e64cl-m1824805814od-w480_h480_q80.jpg,,,124 Leyden St,Boston,MA,02128
"933 E Broadway, Boston, MA 02127",2995000,https://www.realtor.com/realestateandhomes-detail/933-E-Broadway_Boston_MA_02127_M92347-66611,https://ap.rdcpix.com/1290af54a83b54aac616b66bcf371c14l-b1968002676od-w480_h480_q80.jpg,12,5400,933 E Broadway,Boston,MA,02127
"714 Walk Hill St, Boston, MA 02126",149000,https://www.realtor.com/realestateandhomes-detail/714-Walk-Hill-St_Mattapan_MA_02126_M96269-40142,https://ap.rdcpix.com/c6fa35088c46b5c0734ff9420e5b20f6l-b438982059od-w480_h480_q80.jpg,,,714 Walk Hill St,Boston,MA,02126
"1 Glenwood Ave, Boston, MA 02136",449900,https://www.realtor.com/realestateandhomes-detail/1-Glenwood-Ave_Hyde-Park_MA_02136_M43234-07813,https://ap.rdcpix.com/232be1ca163bbc0c4d66179c6d0d5085l-m2914487651od-w480_h480_q80.jpg,2,936,1 Glenwood Ave,Boston,MA,02136
"31 Ethel St, Boston, MA 02131",820000,https://www.realtor.com/realestateandhomes-detail/31-Ethel-St_Boston_MA_02131_M37937-81792,https://ap.rdcpix.com/3fd1e73aaea6df1a63c9708c59a9401fl-m2623506282od-w480_h480_q80.jpg,3,2575,31 Ethel St,Boston,MA,02131
"21-21A Dacia St, Boston, MA 02125",875000,https://www.realtor.com/realestateandhomes-detail/21-21A-Dacia-St_Boston_MA_02125_M31198-11751,https://ap.rdcpix.com/634c868a077e8dec63f225f211aa961dl-m17632444od-w480_h480_q80.jpg,6,2484,21-21A Dacia St,Boston,MA,02125
"388 Marlborough St Apt 2, Boston, MA 02115",675000,https://www.realtor.com/realestateandhomes-detail/388-Marlborough-St-Apt-2_Boston_MA_02115_M40740-90434,https://ap.rdcpix.com/4d0a2304bcfd0cbd9f41fd49acfdcf50l-m2993646679od-w480_h480_q80.jpg,1,516,388 Marlborough St Apt 2,Boston,MA,02115
"176 Coleridge St, Boston, MA 02128",3995000,https://www.realtor.com/realestateandhomes-detail/176-Coleridge-St_Boston_MA_02128_M39170-05743,https://ap.rdcpix.com/3c2b917707623205946add2069547fa8l-m2615960595od-w480_h480_q80.jpg,3,2752,176 Coleridge St,Boston,MA,02128
"25 Crandall St, Boston, MA 02131",849000,https://www.realtor.com/realestateandhomes-detail/25-Crandall-St_Boston_MA_02131_M31391-85213,https://ap.rdcpix.com/cd8e6afd77116af388f50917e6118281l-m3860109804od-w480_h480_q80.jpg,6,2308,25 Crandall St,Boston,MA,02131
"43 Commercial Wharf Apt 8, Boston, MA 02110",2095000,https://www.realtor.com/realestateandhomes-detail/43-Commercial-Wharf-Apt-8_Boston_MA_02110_M37137-18804,https://ap.rdcpix.com/b0325411abaef2c4b2124de85ab0342al-m279847461od-w480_h480_q80.jpg,2,1700,43 Commercial Wharf Apt 8,Boston,MA,02110
"72 Rockland St, Boston, MA 02132",1080000,https://www.realtor.com/realestateandhomes-detail/72-Rockland-St_Boston_MA_02132_M49376-85791,https://ap.rdcpix.com/387418744e20c2d8038b107cb7b600f8l-m1084326170od-w480_h480_q80.jpg,5,2839,72 Rockland St,Boston,MA,02132
"24B Burrell St, Boston, MA 02119",150000,https://www.realtor.com/realestateandhomes-detail/24B-Burrell-St_Boston_MA_02119_M92980-96491,https://ap.rdcpix.com/25d0ba0341147e237d92b7d3f5147441l-m1364528290od-w480_h480_q80.jpg,,,24B Burrell St,Boston,MA,02119
"20 Willet St, Boston, MA 02132",1249900,https://www.realtor.com/realestateandhomes-detail/20-Willet-St_Boston_MA_02132_M31771-96474,https://ap.rdcpix.com/7010c8f7eabadcae167815846d6b0cc9l-m117066523od-w480_h480_q80.jpg,5,2542,20 Willet St,Boston,MA,02132
"121 Grove St Apt 4, Boston, MA 02132",309000,https://www.realtor.com/realestateandhomes-detail/121-Grove-St-Apt-4_Boston_MA_02132_M41862-73700,https://ap.rdcpix.com/cbb5c5ce376b3e73a5f58644f9aab9bel-m3770957156od-w480_h480_q80.jpg,1,620,121 Grove St Apt 4,Boston,MA,02132
"183 Maverick St Apt 1, Boston, MA 02128",829000,https://www.realtor.com/realestateandhomes-detail/183-Maverick-St-Apt-1_Boston_MA_02128_M93563-55341,https://ap.rdcpix.com/b5db7e7857c25f771eb32a4eb96a8d2dl-b786618900od-w480_h480_q80.jpg,4,1167,183 Maverick St Apt 1,Boston,MA,02128
"192 W 7th St Apt 1, Boston, MA 02127",799999,https://www.realtor.com/realestateandhomes-detail/192-W-7th-St-Apt-1_Boston_MA_02127_M97081-14921,https://ap.rdcpix.com/0160354e1a82ff5a7ebfb68ec618108el-m609679181od-w480_h480_q80.jpg,2,912,192 W 7th St Apt 1,Boston,MA,02127
"691 E 8th St Apt 1, Boston, MA 02127",674900,https://www.realtor.com/realestateandhomes-detail/691-E-8th-St-Apt-1_South-Boston_MA_02127_M92097-20838,https://ap.rdcpix.com/e8fb71e584838f1637f2d484b1bc7588l-m2592987405od-w480_h480_q80.jpg,2,880,691 E 8th St Apt 1,Boston,MA,02127
"197-199 Dorchester St, Boston, MA 02127",1150000,https://www.realtor.com/realestateandhomes-detail/197-199-Dorchester-St_Boston_MA_02127_M90689-57366,https://ap.rdcpix.com/dfffc4d8ad5110cb2457971b5ba31f53l-m2304406316od-w480_h480_q80.jpg,4,2247,197-199 Dorchester St,Boston,MA,02127
"1576 Commonwealth Ave Apt 9, Boston, MA 02135",320000,https://www.realtor.com/realestateandhomes-detail/1576-Commonwealth-Ave-Apt-9_Brighton_MA_02135_M49435-67512,https://ap.rdcpix.com/5ecfb5001d965e3488c623851e1ae95cl-m1317054151od-w480_h480_q80.jpg,0,310,1576 Commonwealth Ave Apt 9,Boston,MA,02135
"555 Columbus Ave Apt 7, Boston, MA 02118",695000,https://www.realtor.com/realestateandhomes-detail/555-Columbus-Ave-Apt-7_Boston_MA_02118_M34220-49951,https://ap.rdcpix.com/abcfd9531a8d3cf689dd5999f1de3629l-m1717407014od-w480_h480_q80.jpg,1,446,555 Columbus Ave Apt 7,Boston,MA,02118
"17 Seymour St Unit 3, Boston, MA 02131",539000,https://www.realtor.com/realestateandhomes-detail/17-Seymour-St-3_Boston_MA_02131_M48759-40496,https://ap.rdcpix.com/1a9fe5ad0dec0e5bbd4ebfce894e4365l-b865255399od-w480_h480_q80.jpg,2,934,17 Seymour St Unit 3,Boston,MA,02131
"69-71 Baker St, Boston, MA 02132",1199000,https://www.realtor.com/realestateandhomes-detail/69-71-Baker-St_Boston_MA_02132_M96217-59547,https://ap.rdcpix.com/99fe8c4dd45fe4ea893c3500d3def579l-m1590758534od-w480_h480_q80.jpg,6,2851,69-71 Baker St,Boston,MA,02132
"78 Bunker Hill St, Boston, MA 02129",875000,https://www.realtor.com/realestateandhomes-detail/78-Bunker-Hill-St_Boston_MA_02129_M35991-29699,https://ap.rdcpix.com/ded05180066c7a4b7bfca53b3a11f8b9l-m2576214786od-w480_h480_q80.jpg,4,1712,78 Bunker Hill St,Boston,MA,02129
"416 Marlborough St Apt 101, Boston, MA 02115",1190000,https://www.realtor.com/realestateandhomes-detail/416-Marlborough-St-Apt-101_Boston_MA_02115_M33128-94856,https://ap.rdcpix.com/11e738029876dd6b29a37222e82a180dl-m2605888996od-w480_h480_q80.jpg,2,1024,416 Marlborough St Apt 101,Boston,MA,02115
"23 Milford St Unit 2, Boston, MA 02118",1695000,https://www.realtor.com/realestateandhomes-detail/23-Milford-St-2_Boston_MA_02118_M37329-55551,https://ap.rdcpix.com/72e27ac23c2ee2e09e240c1d27348319l-m1713079105od-w480_h480_q80.jpg,2,1287,23 Milford St Unit 2,Boston,MA,02118
"34 Hallron St, Boston, MA 02136",660000,https://www.realtor.com/realestateandhomes-detail/34-Hallron-St_Boston_MA_02136_M44411-72746,https://ap.rdcpix.com/75fc40e2d90944ee8c7b5a4db270966cl-m4160944623od-w480_h480_q80.jpg,4,1139,34 Hallron St,Boston,MA,02136
"32 Malcolm Rd, Boston, MA 02130",2995000,https://www.realtor.com/realestateandhomes-detail/32-Malcolm-Rd_Boston_MA_02130_M48023-21366,https://ap.rdcpix.com/530c62ac26d0e5a79d48f91dacc21f86l-m2485286390od-w480_h480_q80.jpg,5,4454,32 Malcolm Rd,Boston,MA,02130
"40 Devon St Apt 1, Boston, MA 02121",595000,https://www.realtor.com/realestateandhomes-detail/40-Devon-St-Apt-1_Boston_MA_02121_M93959-50465,https://ap.rdcpix.com/3c4de5023672e970ea9974d057ed51bal-m3436533416od-w480_h480_q80.jpg,3,1140,40 Devon St Apt 1,Boston,MA,02121
"104-R Homes Ave, Boston, MA 02122",559000,https://www.realtor.com/realestateandhomes-detail/104R-Homes-Ave_Boston_MA_02122_M91529-23880,https://ap.rdcpix.com/75ee14409d47211975b57303540b729fl-m846043519od-w480_h480_q80.jpg,2,826,104-R Homes Ave,Boston,MA,02122
"823 E 6th St Unit 4, Boston, MA 02127",1600000,https://www.realtor.com/realestateandhomes-detail/823-E-6th-St-Unit-4_South-Boston_MA_02127_M90657-26057,https://ap.rdcpix.com/e37f2af498f9f551166dd00b828c8d71l-m3622292803od-w480_h480_q80.jpg,4,2323,823 E 6th St Unit 4,Boston,MA,02127
"737 American Legion Hwy, Boston, MA 02131",749000,https://www.realtor.com/realestateandhomes-detail/737-American-Legion-Hwy_Boston_MA_02131_M45456-89193,https://ap.rdcpix.com/b9c6ba822c97c9518fad3f1591ecd029l-m3052726893od-w480_h480_q80.jpg,5,1875,737 American Legion Hwy,Boston,MA,02131
"487 E 7th St Apt 2, Boston, MA 02127",499000,https://www.realtor.com/realestateandhomes-detail/487-E-7th-St-Apt-2_Boston_MA_02127_M91022-85178,https://ap.rdcpix.com/3370e05555d9ab46fabbe87ac552e4c2l-w125746551od-w480_h480_q80.jpg,1,453,487 E 7th St Apt 2,Boston,MA,02127
"45 Moville St, Boston, MA 02132",1199000,https://www.realtor.com/realestateandhomes-detail/45-Moville-St_Boston_MA_02132_M45572-75049,https://ap.rdcpix.com/a9ea894ad098f10145be6cc1bac7ccd7l-m3099012113od-w480_h480_q80.jpg,5,2694,45 Moville St,Boston,MA,02132
"951 Adams St, Boston, MA 02124",715000,https://www.realtor.com/realestateandhomes-detail/951-Adams-St_Boston_MA_02124_M45387-04535,https://ap.rdcpix.com/3c88c9b40da21a5381e3106a4911ec1bl-m3104452415od-w480_h480_q80.jpg,3,1226,951 Adams St,Boston,MA,02124
"520 Mass Ave Apt 1, Boston, MA 02118",950000,https://www.realtor.com/realestateandhomes-detail/520-Mass-Ave-Apt-1_Boston_MA_02118_M90538-53932,https://ap.rdcpix.com/87519e9d40911b1022f19ce54884b577l-m3625292747od-w480_h480_q80.jpg,2,1128,520 Mass Ave Apt 1,Boston,MA,02118
"4 Martin St Unit 2, Boston, MA 02132",668900,https://www.realtor.com/realestateandhomes-detail/4-Martin-St-2_Boston_MA_02132_M93301-24827,https://ap.rdcpix.com/6680d69877a66d60f7f9c7b0ab945e0el-b1661909934od-w480_h480_q80.jpg,3,1568,4 Martin St Unit 2,Boston,MA,02132
"158 Commercial St Apt 5, Boston, MA 02109",1025000,https://www.realtor.com/realestateandhomes-detail/158-Commercial-St-Apt-5_Boston_MA_02109_M43904-71681,https://ap.rdcpix.com/74b7ce037856dd5c7d5100cd75eb2de7l-b295815543od-w480_h480_q80.jpg,2,1130,158 Commercial St Apt 5,Boston,MA,02109
"62-64 Edson St, Boston, MA 02124",1295000,https://www.realtor.com/realestateandhomes-detail/62-64-Edson-St_Boston_MA_02124_M90017-31476,https://ap.rdcpix.com/d9578b25673802ea4fa6c25bcf059943l-m3231127157od-w480_h480_q80.jpg,6,3284,62-64 Edson St,Boston,MA,02124
"304 Commonwealth Ave Apt 3, Boston, MA 02115",10500000,https://www.realtor.com/realestateandhomes-detail/304-Commonwealth-Ave-Apt-3_Boston_MA_02115_M44726-87533,https://ap.rdcpix.com/9944a2ed2ea066dbeea1325b19176f12l-m3655384386od-w480_h480_q80.jpg,4,4122,304 Commonwealth Ave Apt 3,Boston,MA,02115
"289 Walk Hill St, Boston, MA 02131",65000000,https://www.realtor.com/realestateandhomes-detail/289-Walk-Hill-St_Boston_MA_02131_M95162-83643,https://ap.rdcpix.com/aa83187197fe0e2e33ba170d1abea17fl-m3077192195od-w480_h480_q80.jpg,9,98205,289 Walk Hill St,Boston,MA,02131
"63 Beech Glen St, Boston, MA 02119",990000,https://www.realtor.com/realestateandhomes-detail/63-Beech-Glen-St_Roxbury_MA_02119_M36712-60820,https://ap.rdcpix.com/d0320d68c57fe00e872c1b9674ad7f84l-m797989573od-w480_h480_q80.jpg,6,2280,63 Beech Glen St,Boston,MA,02119
"112 Sawyer Ave Apt 1, Boston, MA 02125",775000,https://www.realtor.com/realestateandhomes-detail/112-Sawyer-Ave-Apt-1_Boston_MA_02125_M96540-73600,https://ap.rdcpix.com/dd56dc445269a3d59f339dea9674e5b5l-b616359351od-w480_h480_q80.jpg,3,1329,112 Sawyer Ave Apt 1,Boston,MA,02125
"73 Draper St, Boston, MA 02122",1300000,https://www.realtor.com/realestateandhomes-detail/73-Draper-St_Boston_MA_02122_M93802-77552,https://ap.rdcpix.com/efac2c6e2f5ff90ca6314800e1ba0d1cl-m146819381od-w480_h480_q80.jpg,11,3870,73 Draper St,Boston,MA,02122
"10 Waterloo St, Boston, MA 02136",1034950,https://www.realtor.com/realestateandhomes-detail/10-Waterloo-St_Boston_MA_02136_M30244-06110,https://ap.rdcpix.com/d805d80b6fdf0acf04f678aead6792b9l-m45047239od-w480_h480_q80.jpg,4,2714,10 Waterloo St,Boston,MA,02136
"365 Marlborough St Apt 3, Boston, MA 02115",1990000,https://www.realtor.com/realestateandhomes-detail/365-Marlborough-St-Apt-3_Boston_MA_02115_M47211-22026,https://ap.rdcpix.com/0db2554237820885d52b17a92be0f869l-m2524793388od-w480_h480_q80.jpg,2,1124,365 Marlborough St Apt 3,Boston,MA,02115
"63 Park Dr Unit 63, Boston, MA 02215",799000,https://www.realtor.com/realestateandhomes-detail/63-Park-Dr_Boston_MA_02215_M45917-65459,https://ap.rdcpix.com/5f80c8a76593e04dea64773e14e3dfcbl-m362265269od-w480_h480_q80.jpg,4,1035,63 Park Dr Unit 63,Boston,MA,02215
"160 Cottage St Apt 202, Boston, MA 02128",389000,https://www.realtor.com/realestateandhomes-detail/160-Cottage-St-Apt-202_Boston_MA_02128_M38059-90500,https://ap.rdcpix.com/2095596c557eda06152931fdd09d5c02l-m763609706od-w480_h480_q80.jpg,2,482,160 Cottage St Apt 202,Boston,MA,02128
"1419 Commonwealth Ave Apt 303, Boston, MA 02135",649990,https://www.realtor.com/realestateandhomes-detail/1419-Commonwealth-Ave-Apt-303_Boston_MA_02135_M33725-04833,https://ap.rdcpix.com/2630b0b9de6342f2390fd2c587c94834l-m1046524966od-w480_h480_q80.jpg,2,1016,1419 Commonwealth Ave Apt 303,Boston,MA,02135
"51 Colborne Rd Apt B1, Boston, MA 02135",425000,https://www.realtor.com/realestateandhomes-detail/51-Colborne-Rd-Apt-B1_Brighton_MA_02135_M41226-95159,https://ap.rdcpix.com/3db3cd88f749a303cb11edc6576ff52bl-m1396199695od-w480_h480_q80.jpg,2,760,51 Colborne Rd Apt B1,Boston,MA,02135
"145 Chiswick Rd Apt 6, Boston, MA 02135",630000,https://www.realtor.com/realestateandhomes-detail/145-Chiswick-Rd-Apt-6_Boston_MA_02135_M32097-58165,https://ap.rdcpix.com/5dc92314fb019d59e46dc0cae04d6231l-w2416910561od-w480_h480_q80.jpg,3,1080,145 Chiswick Rd Apt 6,Boston,MA,02135
"33 Bowdoin St Apt 1, Boston, MA 02114",2050000,https://www.realtor.com/realestateandhomes-detail/33-Bowdoin-St-Apt-1_Boston_MA_02114_M98195-79688,https://ap.rdcpix.com/88619bf6e00c2fcaab67e6551b50dec7l-b185232169od-w480_h480_q80.jpg,3,2128,33 Bowdoin St Apt 1,Boston,MA,02114
"18-18R Putnam St, Boston, MA 02129",2000000,https://www.realtor.com/realestateandhomes-detail/18-18R-Putnam-St_Boston_MA_02129_M99431-16373,https://ap.rdcpix.com/f56c99d35168178d0c702301816283d6l-b2775352932od-w480_h480_q80.jpg,3,1930,18-18R Putnam St,Boston,MA,02129
"103-105 Homer St, Boston, MA 02128",930000,https://www.realtor.com/realestateandhomes-detail/103-105-Homer-St_Boston_MA_02128_M95985-38797,https://ap.rdcpix.com/2778687416f087b042163450011d7e0fl-b464364546od-w480_h480_q80.jpg,5,2184,103-105 Homer St,Boston,MA,02128
"400 K St Apt 3, Boston, MA 02127",699999,https://www.realtor.com/realestateandhomes-detail/400-K-St-Apt-3_Boston_MA_02127_M90465-46604,https://ap.rdcpix.com/d1e0bd6016094d3302aee17a7f7bf8b7l-m1675188269od-w480_h480_q80.jpg,2,859,400 K St Apt 3,Boston,MA,02127
"644 Adams St Apt 3, Boston, MA 02122",775000,https://www.realtor.com/realestateandhomes-detail/644-Adams-St-Apt-3_Boston_MA_02122_M91328-55656,https://ap.rdcpix.com/a60d38b05ba17ce925f64e6ac8bd4bf9l-m508202838od-w480_h480_q80.jpg,2,1144,644 Adams St Apt 3,Boston,MA,02122
"2035 Commonwealth Ave Apt 5, Boston, MA 02135",569900,https://www.realtor.com/realestateandhomes-detail/2035-Commonwealth-Ave-Apt-5_Boston_MA_02135_M34331-67490,https://ap.rdcpix.com/3b35e87575442bb644d15a9c1f5edbaal-m3441512208od-w480_h480_q80.jpg,2,855,2035 Commonwealth Ave Apt 5,Boston,MA,02135
"366 Blue Hill Ave Unit 366, Boston, MA 02121",575000,https://www.realtor.com/realestateandhomes-detail/366-Blue-Hill-Ave_Boston_MA_02121_M35981-08294,https://ap.rdcpix.com/10110329f128284f8046e227d595f4adl-m1891053716od-w480_h480_q80.jpg,4,1404,366 Blue Hill Ave Unit 366,Boston,MA,02121
"13 Eden St Unit 3, Boston, MA 02129",975000,https://www.realtor.com/realestateandhomes-detail/13-Eden-St-3_Charlestown_MA_02129_M32677-60906,https://ap.rdcpix.com/82ccc96c3ad063c2ef8b77b2fb46b559l-b3862062677od-w480_h480_q80.jpg,3,1241,13 Eden St Unit 3,Boston,MA,02129
"15-17 Pershing Rd Unit 1, Boston, MA 02130",1365000,https://www.realtor.com/realestateandhomes-detail/15-17-Pershing-Rd-Unit-1_Boston_MA_02130_M91423-39939,https://ap.rdcpix.com/2b5f742fd175f389c1e8a83ddae6a420l-m873787698od-w480_h480_q80.jpg,3,2148,15-17 Pershing Rd Unit 1,Boston,MA,02130
"170 Walter St, Boston, MA 02131",998000,https://www.realtor.com/realestateandhomes-detail/170-Walter-St_Boston_MA_02131_M45740-85841,https://ap.rdcpix.com/26632d6d03c4b7cd0c6276844777f740l-m380716751od-w480_h480_q80.jpg,4,2558,170 Walter St,Boston,MA,02131
"197 8th St Ph 215, Boston, MA 02129",2399000,https://www.realtor.com/realestateandhomes-detail/197-8th-St-Ph-215_Charlestown_MA_02129_M43070-65734,https://ap.rdcpix.com/82d5959df3eead97f09076b8ab40aa78l-m4224483453od-w480_h480_q80.jpg,3,2483,197 8th St Ph 215,Boston,MA,02129
"59 Pier 7 Unit 59, Boston, MA 02129",2150000,https://www.realtor.com/realestateandhomes-detail/59-Pier-7_Boston_MA_02129_M99592-06301,https://ap.rdcpix.com/6c2442268497be190007cb3da2c8ad53l-b928436597od-w480_h480_q80.jpg,4,2815,59 Pier 7 Unit 59,Boston,MA,02129
"38 Ransom Rd Apt 14, Boston, MA 02135",359900,https://www.realtor.com/realestateandhomes-detail/38-Ransom-Rd-Apt-14_Boston_MA_02135_M38588-67724,https://ap.rdcpix.com/8daa76b408df0035edd143d9eaf3a2b7l-m336688908od-w480_h480_q80.jpg,1,507,38 Ransom Rd Apt 14,Boston,MA,02135
"22 Belmont St, Boston, MA 02129",1495000,https://www.realtor.com/realestateandhomes-detail/22-Belmont-St_Boston_MA_02129_M47808-82780,https://ap.rdcpix.com/83e9a63775f1ce08a4c156fb4541f7cal-m2699768956od-w480_h480_q80.jpg,3,1508,22 Belmont St,Boston,MA,02129
"90 Wareham St Unit 306, Boston, MA 02118",849999,https://www.realtor.com/realestateandhomes-detail/90-Wareham-St-Unit-306_Boston_MA_02118_M34885-51222,https://ap.rdcpix.com/346ca4a5dad35a7d3013ab2943c5b8dfl-m1140562742od-w480_h480_q80.jpg,2,1148,90 Wareham St Unit 306,Boston,MA,02118
"691 Massachusetts Ave Unit 102, Boston, MA 02118",650000,https://www.realtor.com/realestateandhomes-detail/691-Massachusetts-Ave-Unit-102_Boston_MA_02118_M35435-18487,https://ap.rdcpix.com/11d012df883b82da4cf0b30d25e432c4l-m482312559od-w480_h480_q80.jpg,1,837,691 Massachusetts Ave Unit 102,Boston,MA,02118
"8 Bowditch Rd, Boston, MA 02130",1195000,https://www.realtor.com/realestateandhomes-detail/8-Bowditch-Rd_Boston_MA_02130_M39383-64723,https://ap.rdcpix.com/428d0b669669112322fde9e5f2756569l-m1126186783od-w480_h480_q80.jpg,3,2035,8 Bowditch Rd,Boston,MA,02130
"206 Allandale Rd Apt 3B, Boston, MA 02467",1600000,https://www.realtor.com/realestateandhomes-detail/206-Allandale-Rd-Apt-3B_Chestnut-Hill_MA_02467_M31804-59032,https://ap.rdcpix.com/b649ce0cd8a62e23fd3fbacf960b4a8fl-m2841761076od-w480_h480_q80.jpg,3,2944,206 Allandale Rd Apt 3B,Boston,MA,02467
"88 Walnut St Apt 2, Boston, MA 02122",599000,https://www.realtor.com/realestateandhomes-detail/88-Walnut-St-Apt-2_Boston_MA_02122_M40076-39664,https://ap.rdcpix.com/b73c6c1dd323e73334b2ebcf2f2a6f1al-m220620379od-w480_h480_q80.jpg,3,1334,88 Walnut St Apt 2,Boston,MA,02122
"5 Kinsale Ln, Boston, MA 02136",1500000,https://www.realtor.com/realestateandhomes-detail/5-Kinsale-Ln_Boston_MA_02136_M96000-56260,https://ap.rdcpix.com/4509996e66a62de32b26ef21724b09f8l-b1238088640od-w480_h480_q80.jpg,4,2350,5 Kinsale Ln,Boston,MA,02136
"43 Cooper St, Boston, MA 02113",4195000,https://www.realtor.com/realestateandhomes-detail/43-Cooper-St_Boston_MA_02113_M42354-49520,https://ap.rdcpix.com/b4fdb0a72aac765a9f0b05af79ac45f3l-m1794545431od-w480_h480_q80.jpg,16,3920,43 Cooper St,Boston,MA,02113
"60 Spring Park Ave Unit 1, Boston, MA 02130",799000,https://www.realtor.com/realestateandhomes-detail/60-Spring-Park-Ave-1_Boston_MA_02130_M47872-69074,https://ap.rdcpix.com/70a44fe54a6b4a15cd7d76ef2cf07a8cl-b619366859od-w480_h480_q80.jpg,2,1058,60 Spring Park Ave Unit 1,Boston,MA,02130
"566 Commonwealth Ave Apt 906, Boston, MA 02215",898000,https://www.realtor.com/realestateandhomes-detail/566-Commonwealth-Ave-Apt-906_Boston_MA_02215_M95481-55472,https://ap.rdcpix.com/52e11ca4b6894b08d56890fef8bc49ecl-m2603785653od-w480_h480_q80.jpg,2,1257,566 Commonwealth Ave Apt 906,Boston,MA,02215
"54 Myrtle St Apt 10, Boston, MA 02114",649999,https://www.realtor.com/realestateandhomes-detail/54-Myrtle-St-Apt-10_Boston_MA_02114_M40994-88840,https://ap.rdcpix.com/f1910bf8d8e9c8ec46670acb8f80eae9l-m1163160400od-w480_h480_q80.jpg,1,515,54 Myrtle St Apt 10,Boston,MA,02114
"11 Robinwood Ave, Boston, MA 02130",2399000,https://www.realtor.com/realestateandhomes-detail/11-Robinwood-Ave_Boston_MA_02130_M38331-46000,https://ap.rdcpix.com/ee6fbb78f4f518c8d4d10158a1d4f09cl-b2041126479od-w480_h480_q80.jpg,5,3390,11 Robinwood Ave,Boston,MA,02130
"28 Fifield St, Boston, MA 02122",579000,https://www.realtor.com/realestateandhomes-detail/28-Fifield-St_Boston_MA_02122_M33960-01973,https://ap.rdcpix.com/bb2799844ee1120dba5f8ca74f205ca7l-m3057850127od-w480_h480_q80.jpg,5,1764,28 Fifield St,Boston,MA,02122
"29 Custer St Apt 105, Boston, MA 02130",525000,https://www.realtor.com/realestateandhomes-detail/29-Custer-St-Apt-105_Boston_MA_02130_M35250-10888,https://ap.rdcpix.com/100c671b1a1ccb57d96c5c1a3bbd4176l-m1847363771od-w480_h480_q80.jpg,2,799,29 Custer St Apt 105,Boston,MA,02130
"19 Salutation St Apt 52, Boston, MA 02109",549000,https://www.realtor.com/realestateandhomes-detail/19-Salutation-St-Apt-52_Boston_MA_02109_M46700-22899,https://ap.rdcpix.com/762e3b53fcd0e2299434a19f9f0439dfl-m1177338144od-w480_h480_q80.jpg,1,483,19 Salutation St Apt 52,Boston,MA,02109
"41 Chestnut St, Boston, MA 02108",6250000,https://www.realtor.com/realestateandhomes-detail/41-Chestnut-St_Boston_MA_02108_M32612-38879,https://ap.rdcpix.com/0a70d3313dcc6ea9a6b023b2f99a371al-b1445678080od-w480_h480_q80.jpg,5,3849,41 Chestnut St,Boston,MA,02108
"7 Kershaw Rd, Boston, MA 02132",849000,https://www.realtor.com/realestateandhomes-detail/7-Kershaw-Rd_West-Roxbury_MA_02132_M47338-62607,https://ap.rdcpix.com/42356bd6b9e39a715d936bf6a0b80cfel-m2028653688od-w480_h480_q80.jpg,4,1857,7 Kershaw Rd,Boston,MA,02132
"2 Battery Wharf Unit 2504, Boston, MA 02109",2290000,https://www.realtor.com/realestateandhomes-detail/2-Battery-Wharf-2504_Boston_MA_02109_M35199-79465,https://ap.rdcpix.com/75c820e663d752a678e353d501bce078l-m1269156956od-w480_h480_q80.jpg,2,1819,2 Battery Wharf Unit 2504,Boston,MA,02109
"247 Harvard St, Boston, MA 02124",1210000,https://www.realtor.com/realestateandhomes-detail/247-Harvard-St_Dorchester-Center_MA_02124_M31434-31788,https://ap.rdcpix.com/99204b6d6d8ff99900f69f76ae02d936l-m3038493091od-w480_h480_q80.jpg,9,4308,247 Harvard St,Boston,MA,02124
"99 Fulton St Apt 4-1, Boston, MA 02109",895000,https://www.realtor.com/realestateandhomes-detail/99-Fulton-St-Apt-4-1_Boston_MA_02109_M97771-81702,https://ap.rdcpix.com/257682c7e8e55f8cd0fe3d0c2e438c9fl-b207961337od-w480_h480_q80.jpg,2,802,99 Fulton St Apt 4-1,Boston,MA,02109
"86 Mount Vernon St, Boston, MA 02108",8990000,https://www.realtor.com/realestateandhomes-detail/86-Mount-Vernon-St_Boston_MA_02108_M40152-77256,https://ap.rdcpix.com/db09e89ad6fd627c60882180250f027dl-m1194673485od-w480_h480_q80.jpg,5,4492,86 Mount Vernon St,Boston,MA,02108
"63 West Cedar St Apt 2, Boston, MA 02114",799000,https://www.realtor.com/realestateandhomes-detail/63-West-Cedar-St-Apt-2_Boston_MA_02114_M40072-72292,https://ap.rdcpix.com/7e511a09fb2491ffb5793545aa5e6e1fl-m4294780667od-w480_h480_q80.jpg,2,740,63 West Cedar St Apt 2,Boston,MA,02114
"409 E 1st St, Boston, MA 02127",1199000,https://www.realtor.com/realestateandhomes-detail/409-E-1st-St_Boston_MA_02127_M38315-97490,https://ap.rdcpix.com/d5cfbae019ef94d0e7fe276ea2836676l-b2228714639od-w480_h480_q80.jpg,3,1581,409 E 1st St,Boston,MA,02127
"9 Marcy Rd, Boston, MA 02126",470000,https://www.realtor.com/realestateandhomes-detail/9-Marcy-Rd_Boston_MA_02126_M32540-59147,https://ap.rdcpix.com/7ed7053a87fd0a99782f3d43e123c16cl-m856710464od-w480_h480_q80.jpg,3,1168,9 Marcy Rd,Boston,MA,02126
"65 Green St Unit 203, Boston, MA 02130",815000,https://www.realtor.com/realestateandhomes-detail/65-Green-St-203_Jamaica-Plain_MA_02130_M91325-22659,https://ap.rdcpix.com/2016a5781184a2429f6ac7a8e04289f3l-m3830724871od-w480_h480_q80.jpg,2,940,65 Green St Unit 203,Boston,MA,02130
"1209 Bennington St Ph 4, Boston, MA 02128",899000,https://www.realtor.com/realestateandhomes-detail/1209-Bennington-St-4_Boston_MA_02128_M92562-81081,https://ap.rdcpix.com/37c4c3631060a297a2d16a0c10904152l-m1839151648od-w480_h480_q80.jpg,3,1350,1209 Bennington St Ph 4,Boston,MA,02128
"193 W 5th St Apt 3, Boston, MA 02127",599900,https://www.realtor.com/realestateandhomes-detail/193-W-5th-St-Apt-3_Boston_MA_02127_M90431-66608,https://ap.rdcpix.com/a727063650d0cce835e9013181449e00l-m3690148302od-w480_h480_q80.jpg,2,625,193 W 5th St Apt 3,Boston,MA,02127
"19 Finch St Unit 19, Boston, MA 02126",517000,https://www.realtor.com/realestateandhomes-detail/19-Finch-St_Boston_MA_02126_M90996-34940,https://ap.rdcpix.com/93d875b6779fd5b7346c4a17311c2ddbl-m1260515089od-w480_h480_q80.jpg,2,1025,19 Finch St Unit 19,Boston,MA,02126
"1 Pier 8 13th St Unit Dockb, Boston, MA 02129",350000,https://www.realtor.com/realestateandhomes-detail/1-Pier-8-13th-St-Unit-Dockb_Boston_MA_02129_M91231-01040,https://ap.rdcpix.com/36c7b6af40bff2ee7dfcf966e2f88c25l-b1024270016od-w480_h480_q80.jpg,2,900,1 Pier 8 13th St Unit Dockb,Boston,MA,02129
"46 Landseer St, Boston, MA 02132",1769000,https://www.realtor.com/realestateandhomes-detail/46-Landseer-St_Boston_MA_02132_M98548-63817,https://ap.rdcpix.com/c037184a5e7281a4f33362ce95f10e08l-b3575923466od-w480_h480_q80.jpg,4,2862,46 Landseer St,Boston,MA,02132
"162 W Concord St Apt 3, Boston, MA 02118",1595000,https://www.realtor.com/realestateandhomes-detail/162-W-Concord-St-Apt-3_Boston_MA_02118_M44417-81596,https://ap.rdcpix.com/10a26e3750e2ab4e61100e934873c8d3l-m2506227070od-w480_h480_q80.jpg,3,1294,162 W Concord St Apt 3,Boston,MA,02118
"292-294 Park St, Boston, MA 02124",1225000,https://www.realtor.com/realestateandhomes-detail/292-294-Park-St_Boston_MA_02124_M90960-77872,https://ap.rdcpix.com/642197f818207f10750b7d776849083al-m478841523od-w480_h480_q80.jpg,10,4095,292-294 Park St,Boston,MA,02124
"33 Sleeper St Apt 106, Boston, MA 02210",1749000,https://www.realtor.com/realestateandhomes-detail/33-Sleeper-St-Apt-106_Boston_MA_02210_M47786-82163,https://ap.rdcpix.com/5aeb88673d07ffa1f1849dd3c09e9187l-m1430288949od-w480_h480_q80.jpg,3,1466,33 Sleeper St Apt 106,Boston,MA,02210
"765 E Broadway Apt 1, Boston, MA 02127",1039000,https://www.realtor.com/realestateandhomes-detail/765-E-Broadway-Apt-1_Boston_MA_02127_M95680-80756,https://ap.rdcpix.com/641d4c9250b97288d0c1661f26893e12l-m660531432od-w480_h480_q80.jpg,4,1608,765 E Broadway Apt 1,Boston,MA,02127
"108 Washington St Apt 4, Boston, MA 02135",399000,https://www.realtor.com/realestateandhomes-detail/108-Washington-St-Apt-4_Boston_MA_02135_M49477-04519,https://ap.rdcpix.com/ba8536f178f7980645b3154c58470fael-m2217855383od-w480_h480_q80.jpg,1,568,108 Washington St Apt 4,Boston,MA,02135
"263-265 Northampton St Unit 206, Boston, MA 02118",451561,https://www.realtor.com/realestateandhomes-detail/263-265-Northampton-St-Unit-206_Boston_MA_02118_M94584-03786,https://ap.rdcpix.com/491c3a6f51d4dbd632f91e07d626081bl-m2008192642od-w480_h480_q80.jpg,1,1020,263-265 Northampton St Unit 206,Boston,MA,02118
"243 Neponset Valley Pkwy Unit 243, Boston, MA 02136",899900,https://www.realtor.com/realestateandhomes-detail/243-Neponset-Valley-Pkwy_Hyde-Park_MA_02136_M90106-80933,https://ap.rdcpix.com/694c04dd3f6a5c830ad5d5a46a92a506l-m128054465od-w480_h480_q80.jpg,4,2077,243 Neponset Valley Pkwy Unit 243,Boston,MA,02136
"409 Commonwealth Ave Unit B, Back Bay, MA 02116",5750000,https://www.realtor.com/realestateandhomes-detail/409-Commonwealth-Ave-Unit-B_Back-Bay_MA_02116_M90259-76711,https://ap.rdcpix.com/4c0a8783a9bce43d156a2b7be2650f06l-m2136757818od-w480_h480_q80.jpg,4,4600,409 Commonwealth Ave Unit B,Back Bay,MA,02116
"100 Lanark Rd Apt 8, Boston, MA 02135",399000,https://www.realtor.com/realestateandhomes-detail/100-Lanark-Rd-Apt-8_Boston_MA_02135_M36866-05645,https://ap.rdcpix.com/d1912326ab966e7c5e7678069936c2cfl-m3114069853od-w480_h480_q80.jpg,1,569,100 Lanark Rd Apt 8,Boston,MA,02135
"157 Bigelow St, Boston, MA 02135",1999900,https://www.realtor.com/realestateandhomes-detail/157-Bigelow-St_Boston_MA_02135_M48306-88972,https://ap.rdcpix.com/c506610f243f13f8fda291dbefb562f8l-m2570468181od-w480_h480_q80.jpg,8,3809,157 Bigelow St,Boston,MA,02135
"60 Marion St, Boston, MA 02128",650000,https://www.realtor.com/realestateandhomes-detail/60-Marion-St_Boston_MA_02128_M47306-14479,https://ap.rdcpix.com/d5934622b5aeafa5aeeb7f4a69fd011bl-m1674704458od-w480_h480_q80.jpg,4,1366,60 Marion St,Boston,MA,02128
"1 Fairfield St, Boston, MA 02116",10950000,https://www.realtor.com/realestateandhomes-detail/1-Fairfield-St_Boston_MA_02116_M43217-27177,https://ap.rdcpix.com/c591f4a0b727b70181ddea69da14f23dl-m3561261644od-w480_h480_q80.jpg,6,5700,1 Fairfield St,Boston,MA,02116
"25 Channel Center St Unit 1102, Boston, MA 02210",2389000,https://www.realtor.com/realestateandhomes-detail/25-Channel-Ctr-St-Unit-1102_Boston_MA_02210_M34605-27233,https://ap.rdcpix.com/7fe89f9b4d025f97411f00d6afa3999bl-m1974885092od-w480_h480_q80.jpg,3,2081,25 Channel Center St Unit 1102,Boston,MA,02210
"33 Copeland Unit D, Boston, MA 02119",799999,https://www.realtor.com/realestateandhomes-detail/33-Copeland-Unit-3_Boston_MA_02119_M90671-16832,https://ap.rdcpix.com/4b3b3fac8f6b71289aa812b35c3b6b31l-m1256713221od-w480_h480_q80.jpg,3,2235,33 Copeland Unit D,Boston,MA,02119
"160 I St Apt 3, Boston, MA 02127",585000,https://www.realtor.com/realestateandhomes-detail/160-I-St-Apt-3_Boston_MA_02127_M97222-62628,https://ap.rdcpix.com/d12be5d4bbfd25c4217847feb593c004l-m3052770904od-w480_h480_q80.jpg,1,613,160 I St Apt 3,Boston,MA,02127
"263 Beacon St Unit Ph, Boston, MA 02116",1200000,https://www.realtor.com/realestateandhomes-detail/263-Beacon-St_Boston_MA_02116_M90973-53906,https://ap.rdcpix.com/955b0e62d7c509ca369f560328c81d97l-m2644657733od-w480_h480_q80.jpg,1,1012,263 Beacon St Unit Ph,Boston,MA,02116
"140 Shawmut Ave Unit 2A, Boston, MA 02118",1199000,https://www.realtor.com/realestateandhomes-detail/140-Shawmut-Ave-Unit-2A_Boston_MA_02118_M39088-61069,https://ap.rdcpix.com/d5b7fbc4ed31df2e9282513bd200f7abl-m3736937704od-w480_h480_q80.jpg,2,1200,140 Shawmut Ave Unit 2A,Boston,MA,02118
"32 Reedsdale St Apt B, Boston, MA 02134",325000,https://www.realtor.com/realestateandhomes-detail/32-Reedsdale-St-Apt-B_Boston_MA_02134_M35475-85306,https://ap.rdcpix.com/5c32f08c02e770c7fe79a97bc6667c38l-m160474450od-w480_h480_q80.jpg,1,470,32 Reedsdale St Apt B,Boston,MA,02134
"99-105 Broad St Unit 8C, Boston, MA 02110",1750000,https://www.realtor.com/realestateandhomes-detail/99-105-Broad-St-Unit-8C_Boston_MA_02110_M36799-54483,https://ap.rdcpix.com/dc99b457881b856a38cc96948fae68a7l-m501436149od-w480_h480_q80.jpg,2,1354,99-105 Broad St Unit 8C,Boston,MA,02110
"7 Paul Gore St, Boston, MA 02130",1099000,https://www.realtor.com/realestateandhomes-detail/7-Paul-Gore-St_Boston_MA_02130_M32412-86343,https://ap.rdcpix.com/143d5419e7f4d021e1e4b74034e88042l-m4082729513od-w480_h480_q80.jpg,3,2013,7 Paul Gore St,Boston,MA,02130
"602 Tremont St Unit 1, Boston, MA 02118",2849000,https://www.realtor.com/realestateandhomes-detail/602-Tremont-St-1_Roxbury_MA_02118_M35148-36765,https://ap.rdcpix.com/4e679afde819f7f8919ef9b6976458d4l-m2229184013od-w480_h480_q80.jpg,3,2163,602 Tremont St Unit 1,Boston,MA,02118
"106 13th St Apt 122, Boston, MA 02129",599900,https://www.realtor.com/realestateandhomes-detail/106-13th-St-Apt-122_Boston_MA_02129_M31511-55804,https://ap.rdcpix.com/e7fce5c448d2ae65e1952ccc8ae1bcedl-m42324789od-w480_h480_q80.jpg,2,962,106 13th St Apt 122,Boston,MA,02129
"19-21 Summer, Boston, MA 02132",1499000,https://www.realtor.com/realestateandhomes-detail/19-21-Summer_Boston_MA_02132_M95429-59714,https://ap.rdcpix.com/e00c813f63bd98f78c79ec33240d51b2l-m2934275690od-w480_h480_q80.jpg,5,2288,19-21 Summer,Boston,MA,02132
"255 Marlborough St Apt 3, Boston, MA 02116",5495000,https://www.realtor.com/realestateandhomes-detail/255-Marlborough-St-Apt-3_Boston_MA_02116_M35640-27810,https://ap.rdcpix.com/b2684c4eb36e4fd06951659028ef5d1al-b522595740od-w480_h480_q80.jpg,3,2750,255 Marlborough St Apt 3,Boston,MA,02116
"84 Wyman St, Boston, MA 02130",1250000,https://www.realtor.com/realestateandhomes-detail/84-Wyman-St_Boston_MA_02130_M42213-82589,https://ap.rdcpix.com/75cecb922cb656bd305c8202678db08cl-m1377032205od-w480_h480_q80.jpg,8,2738,84 Wyman St,Boston,MA,02130
"25 Riverside Sq, Boston, MA 02136",899900,https://www.realtor.com/realestateandhomes-detail/25-Riverside-Sq_Boston_MA_02136_M44787-52560,https://ap.rdcpix.com/49c4bd4eb8ea5c015bf2e55aead6b9e3l-b2306773381od-w480_h480_q80.jpg,7,3000,25 Riverside Sq,Boston,MA,02136
"118 Commonwealth Ave Unit 1, Boston, MA 02116",1475000,https://www.realtor.com/realestateandhomes-detail/118-Commonwealth-Ave-1_Boston_MA_02116_M44235-04838,https://ap.rdcpix.com/896dc55603928f2be217efe5c1a2b712l-m3778351037od-w480_h480_q80.jpg,2,1220,118 Commonwealth Ave Unit 1,Boston,MA,02116
"21 Alveston St, Boston, MA 02130",2995000,https://www.realtor.com/realestateandhomes-detail/21-Alveston-St_Boston_MA_02130_M91872-66585,https://ap.rdcpix.com/5387cba36c126518fc1838f745103fd1l-m3271143589od-w480_h480_q80.jpg,5,4434,21 Alveston St,Boston,MA,02130
"25 Park Vale Ave Apt 2, Boston, MA 02134",625000,https://www.realtor.com/realestateandhomes-detail/25-Park-Vale-Ave-Apt-2_Allston_MA_02134_M31724-83296,https://ap.rdcpix.com/04f8a3e9b418928cfda485ab2dcc6b5fl-m3218798108od-w480_h480_q80.jpg,3,1000,25 Park Vale Ave Apt 2,Boston,MA,02134
"15 N Beacon St Apt 317, Boston, MA 02134",549900,https://www.realtor.com/realestateandhomes-detail/15-N-Beacon-St-Apt-317_Allston_MA_02134_M40603-64675,https://ap.rdcpix.com/3313f9e82619ca7f2f85e238414d1fbcl-m2656570455od-w480_h480_q80.jpg,2,745,15 N Beacon St Apt 317,Boston,MA,02134
"314 Commonwealth Ave Unit Ph, Boston, MA 02115",6499000,https://www.realtor.com/realestateandhomes-detail/314-Commonwealth-Ave_Boston_MA_02115_M96459-18026,https://ap.rdcpix.com/ecc832a53eacc7a8ee752d4a9e262314l-m2552719657od-w480_h480_q80.jpg,2,4758,314 Commonwealth Ave Unit Ph,Boston,MA,02115
"2 Centre Ave Unit 2C, Boston, MA 02124",549000,https://www.realtor.com/realestateandhomes-detail/2-Centre-Ave-2C_Boston_MA_02124_M93761-90381,https://ap.rdcpix.com/2d31ab19944e8c3d10175357206a5a80l-m1835681099od-w480_h480_q80.jpg,2,1040,2 Centre Ave Unit 2C,Boston,MA,02124
"42 Eighth St Unit 5201, Boston, MA 02129",729000,https://www.realtor.com/realestateandhomes-detail/42-8th-St-Apt-5201_Boston_MA_02129_M45478-80883,https://ap.rdcpix.com/ffada5b7ef41fef14516d0144cb7a11al-b2917336079od-w480_h480_q80.jpg,2,914,42 Eighth St Unit 5201,Boston,MA,02129
"30 Massasoit St, Boston, MA 02136",874900,https://www.realtor.com/realestateandhomes-detail/30-Massasoit-St_Hyde-Park_MA_02136_M33046-06529,https://ap.rdcpix.com/d01c7b54c80ff639b741a345c3827981l-m644743757od-w480_h480_q80.jpg,5,2500,30 Massasoit St,Boston,MA,02136
"260 Beacon St Unit Ph, Boston, MA 02116",3250000,https://www.realtor.com/realestateandhomes-detail/260-Beacon-St_Boston_MA_02116_M96659-99741,https://ap.rdcpix.com/b8b3d47e8775a00d3d90563bd3f0020al-m3690150390od-w480_h480_q80.jpg,2,2100,260 Beacon St Unit Ph,Boston,MA,02116
"110 Evans Rd Apt 2, Boston, MA 02135",519000,https://www.realtor.com/realestateandhomes-detail/110-Evans-Rd-Apt-2_Brighton_MA_02135_M31395-55427,https://ap.rdcpix.com/ca8490c0662d3374ff9e2d6c6a943b71l-b1282967906od-w480_h480_q80.jpg,1,670,110 Evans Rd Apt 2,Boston,MA,02135
"39 Union Park, Boston, MA 02118",11500000,https://www.realtor.com/realestateandhomes-detail/39-Union-Park_Boston_MA_02118_M98974-74595,https://ap.rdcpix.com/9fd4a3ff890ba0a016c8dd886f7da5abl-m4012139684od-w480_h480_q80.jpg,5,6830,39 Union Park,Boston,MA,02118
"44 Beacon St, Boston, MA 02108",14990000,https://www.realtor.com/realestateandhomes-detail/44-Beacon-St_Boston_MA_02108_M35379-81149,https://ap.rdcpix.com/a13afbe4a65bd7c6ef4386aa91e44911l-m1138178807od-w480_h480_q80.jpg,5,12753,44 Beacon St,Boston,MA,02108
"7 Gould St, Boston, MA 02132",650000,https://www.realtor.com/realestateandhomes-detail/7-Gould-St_Boston_MA_02132_M46542-62554,https://ap.rdcpix.com/848b7e8f8b98c60ab9a0b43a8fbaa3ecl-b2626282512od-w480_h480_q80.jpg,3,1075,7 Gould St,Boston,MA,02132
"15 Henshaw St Apt 3, Boston, MA 02135",699000,https://www.realtor.com/realestateandhomes-detail/15-Henshaw-St-Apt-3_Boston_MA_02135_M95577-46583,https://ap.rdcpix.com/a0709de5d84b986c28dd94e99b2e8668l-m956930888od-w480_h480_q80.jpg,2,1675,15 Henshaw St Apt 3,Boston,MA,02135
"64 Frankfort St Apt 4, Boston, MA 02128",495000,https://www.realtor.com/realestateandhomes-detail/64-Frankfort-St-Apt-4_Boston_MA_02128_M40834-13276,https://ap.rdcpix.com/6f68eb57764316e78e4c384b796812c3l-b1743364349od-w480_h480_q80.jpg,2,623,64 Frankfort St Apt 4,Boston,MA,02128
"492 Beacon St Unit 36, Boston, MA 02115",2795000,https://www.realtor.com/realestateandhomes-detail/492-Beacon-St-Unit-36_Boston_MA_02115_M49020-65295,https://ap.rdcpix.com/fd4d3dc6b7874dec0e6b43bda9f543b1l-m1379920267od-w480_h480_q80.jpg,3,1445,492 Beacon St Unit 36,Boston,MA,02115
"37 Lamson St Unit 3, Boston, MA 02128",875000,https://www.realtor.com/realestateandhomes-detail/37-Lamson-St-3_Boston_MA_02128_M95816-10124,https://ap.rdcpix.com/6ff3ee285c9ab9757f7d70632855294dl-m3127072174od-w480_h480_q80.jpg,3,1213,37 Lamson St Unit 3,Boston,MA,02128
"465 Park Dr Apt D, Boston, MA 02215",359000,https://www.realtor.com/realestateandhomes-detail/465-Park-Dr-Apt-D_Boston_MA_02215_M43897-00256,https://ap.rdcpix.com/78790c82a10bb0bd94664b5b2073e276l-m1249750210od-w480_h480_q80.jpg,0,380,465 Park Dr Apt D,Boston,MA,02215
"2 Hawthorne Pl Apt 6G, Boston, MA 02114",449000,https://www.realtor.com/realestateandhomes-detail/2-Hawthorne-Pl-Apt-6G_Boston_MA_02114_M44498-77752,https://ap.rdcpix.com/932cc771dc410adac813a72c61e9818fl-b2220063797od-w480_h480_q80.jpg,0,637,2 Hawthorne Pl Apt 6G,Boston,MA,02114
"22 River St Apt 6, Boston, MA 02108",1099000,https://www.realtor.com/realestateandhomes-detail/22-River-St-Apt-6_Boston_MA_02108_M43648-95660,https://ap.rdcpix.com/39e88b012138ef505f8b6ebf70d0474fl-m1988318629od-w480_h480_q80.jpg,1,766,22 River St Apt 6,Boston,MA,02108
"290 Commonwealth Ave Apt 24, Boston, MA 02115",435000,https://www.realtor.com/realestateandhomes-detail/290-Commonwealth-Ave-Apt-24_Boston_MA_02115_M36580-89282,https://ap.rdcpix.com/1d455d8342c9637d830a8a5870856c21l-m3486460660od-w480_h480_q80.jpg,0,175,290 Commonwealth Ave Apt 24,Boston,MA,02115
"681 Massachusetts Ave Apt 4, Boston, MA 02118",599000,https://www.realtor.com/realestateandhomes-detail/681-Massachusetts-Ave-Apt-4_Boston_MA_02118_M32312-32794,https://ap.rdcpix.com/6d7e7e1d26afac56b3112443f7b73b47l-b424840138od-w480_h480_q80.jpg,1,622,681 Massachusetts Ave Apt 4,Boston,MA,02118
"32 Fleet St Apt 6, Boston, MA 02113",599000,https://www.realtor.com/realestateandhomes-detail/32-Fleet-St-Apt-6_Boston_MA_02113_M44313-49058,https://ap.rdcpix.com/6c37e8849a39cecb2f117daf5fe1ae8el-b2957180245od-w480_h480_q80.jpg,1,592,32 Fleet St Apt 6,Boston,MA,02113
"37 Belmont St Apt 3, Boston, MA 02129",699000,https://www.realtor.com/realestateandhomes-detail/37-Belmont-St-Apt-3_Boston_MA_02129_M30408-60565,https://ap.rdcpix.com/9e212a78ca178336f6dd8f88389071c6l-m395924257od-w480_h480_q80.jpg,2,810,37 Belmont St Apt 3,Boston,MA,02129
"33 Fayette St, Boston, MA 02116",2595000,https://www.realtor.com/realestateandhomes-detail/33-Fayette-St_Boston_MA_02116_M36107-23259,https://ap.rdcpix.com/4ec01ecc64e738898830b31b10f818a5l-m3853070580od-w480_h480_q80.jpg,4,3082,33 Fayette St,Boston,MA,02116
"178 L St, Boston, MA 02127",2790000,https://www.realtor.com/realestateandhomes-detail/178-L-St_Boston_MA_02127_M96663-46199,https://ap.rdcpix.com/8096b65ab33c75ca22b4d63667cded6al-m1250025924od-w480_h480_q80.jpg,13,3841,178 L St,Boston,MA,02127
"21 Pond St, Boston, MA 02136",675000,https://www.realtor.com/realestateandhomes-detail/21-Pond-St_Boston_MA_02136_M42861-62170,https://ap.rdcpix.com/f851323145cfc8096ff0d631a24f6ba9l-m3490181521od-w480_h480_q80.jpg,3,1562,21 Pond St,Boston,MA,02136
"18 Worcester Sq Apt 2, Boston, MA 02118",975000,https://www.realtor.com/realestateandhomes-detail/18-Worcester-Sq-Apt-2_Boston_MA_02118_M36957-52768,https://ap.rdcpix.com/1290af530e66f40b9b94c0193da560cbl-m2317534690od-w480_h480_q80.jpg,2,887,18 Worcester Sq Apt 2,Boston,MA,02118
"51 Revere St Apt 2, Boston, MA 02114",850000,https://www.realtor.com/realestateandhomes-detail/51-Revere-St-Apt-2_Boston_MA_02114_M45729-41266,https://ap.rdcpix.com/c265d56eeea77a8e91f18be2a0b38687l-m758859289od-w480_h480_q80.jpg,1,857,51 Revere St Apt 2,Boston,MA,02114
"241 Perkins St Unit C402, Boston, MA 02130",1450000,https://www.realtor.com/realestateandhomes-detail/241-Perkins-St-Unit-C402_Boston_MA_02130_M39313-21337,https://ap.rdcpix.com/ae9731abc825b230921edcd5cff6623bl-m1454755934od-w480_h480_q80.jpg,3,3017,241 Perkins St Unit C402,Boston,MA,02130
"57 Brighton Ave Apt B, Boston, MA 02134",375000,https://www.realtor.com/realestateandhomes-detail/57-Brighton-Ave-Apt-B_Boston_MA_02134_M39935-84106,https://ap.rdcpix.com/2a5c4c94e652b9b136e0cffb57c9ed94l-m2731081779od-w480_h480_q80.jpg,2,635,57 Brighton Ave Apt B,Boston,MA,02134
"14 Murray Ct Unit 1, Boston, MA 02128",745000,https://www.realtor.com/realestateandhomes-detail/14-Murray-Ct-Unit-1_Boston_MA_02128_M92951-25423,https://ap.rdcpix.com/92cbfb63bff3b1a43ae30f4ecf45ff9cl-m1600085169od-w480_h480_q80.jpg,2,1025,14 Murray Ct Unit 1,Boston,MA,02128
"386 Commonwealth Ave Apt 3, Boston, MA 02215",799900,https://www.realtor.com/realestateandhomes-detail/386-Commonwealth-Ave-Apt-3_Boston_MA_02215_M38024-56533,https://ap.rdcpix.com/d5a6fd66f3580f3673a36fc2d53bbcf5l-m1757165853od-w480_h480_q80.jpg,2,770,386 Commonwealth Ave Apt 3,Boston,MA,02215
"27 Rosemary St Unit 2, Boston, MA 02130",649000,https://www.realtor.com/realestateandhomes-detail/27-Rosemary-St-2_Boston_MA_02130_M48206-75103,https://ap.rdcpix.com/854674cc74a133f1e5bc4507461f4210l-m762408279od-w480_h480_q80.jpg,3,1025,27 Rosemary St Unit 2,Boston,MA,02130
"37 Farragut Rd Ph 8, Boston, MA 02127",2689000,https://www.realtor.com/realestateandhomes-detail/37-Farragut-Rd-8_Boston_MA_02127_M98914-72994,https://ap.rdcpix.com/bd7291148b9472dba649c9822d07b98dl-m2173529477od-w480_h480_q80.jpg,3,2400,37 Farragut Rd Ph 8,Boston,MA,02127
"51 Baldwin St Unit 2, Boston, MA 02129",1099000,https://www.realtor.com/realestateandhomes-detail/51-Baldwin-St-2_Charlestown_MA_02129_M35393-44701,https://ap.rdcpix.com/30b50ef0728f3f98951ad1673dbbb587l-b815153696od-w480_h480_q80.jpg,3,1440,51 Baldwin St Unit 2,Boston,MA,02129
"380 Bunker Hill St Unit 202, Boston, MA 02129",1275000,https://www.realtor.com/realestateandhomes-detail/380-Bunker-Hill-St-Unit-202_Boston_MA_02129_M30270-40556,https://ap.rdcpix.com/8d743a31f7fec5df9a6ddcabbc1902a1l-m2006089744od-w480_h480_q80.jpg,2,1280,380 Bunker Hill St Unit 202,Boston,MA,02129
"1 Belgravia Pl Apt 4, Boston, MA 02113",579999,https://www.realtor.com/realestateandhomes-detail/1-Belgravia-Pl-Apt-4_Boston_MA_02113_M30275-85791,https://ap.rdcpix.com/c15dff151a1ba22ce75ed0b849fa87e1l-m4229121118od-w480_h480_q80.jpg,2,492,1 Belgravia Pl Apt 4,Boston,MA,02113
"4 Edson Ter, Boston, MA 02136",859000,https://www.realtor.com/realestateandhomes-detail/4-Edson-Ter_Boston_MA_02136_M44357-64629,https://ap.rdcpix.com/23ca3023ba9a7a8d628cf436aa65ffd9l-m1147946508od-w480_h480_q80.jpg,6,2500,4 Edson Ter,Boston,MA,02136
"220 West St, Boston, MA 02136",645000,https://www.realtor.com/realestateandhomes-detail/220-West-St_Hyde-Park_MA_02136_M31177-14436,https://ap.rdcpix.com/2583c28f4192c87143a819ba679551ebl-m3606829008od-w480_h480_q80.jpg,3,1100,220 West St,Boston,MA,02136
"6-8 Weldon St, Boston, MA 02121",649000,https://www.realtor.com/realestateandhomes-detail/68-Weldon-St_Boston_MA_02121_M90338-91591,https://ap.rdcpix.com/28f4eeff85a7cbe75adc05eac39dd973l-m3291410689od-w480_h480_q80.jpg,5,2422,6-8 Weldon St,Boston,MA,02121
"374 Chestnut Hill Ave Apt 24, Boston, MA 02135",609000,https://www.realtor.com/realestateandhomes-detail/374-Chestnut-Hill-Ave-Apt-24_Boston_MA_02135_M34117-02307,https://ap.rdcpix.com/a70ebcd9990c3583cd242b909d383066l-m685558105od-w480_h480_q80.jpg,2,852,374 Chestnut Hill Ave Apt 24,Boston,MA,02135
"1409 River St Apt 48, Boston, MA 02136",330000,https://www.realtor.com/realestateandhomes-detail/1409-River-St-Apt-48_Hyde-Park_MA_02136_M32008-54753,https://ap.rdcpix.com/90c6860bc718834be1bf1a63e63e7e59l-m1764947374od-w480_h480_q80.jpg,2,712,1409 River St Apt 48,Boston,MA,02136
"8 Kittredge St Apt 13, Boston, MA 02131",459000,https://www.realtor.com/realestateandhomes-detail/8-Kittredge-St-Apt-13_Boston_MA_02131_M45524-04583,https://ap.rdcpix.com/aee463953d39d31e5bc9d6a7be857037l-b557162897od-w480_h480_q80.jpg,2,867,8 Kittredge St Apt 13,Boston,MA,02131
"43 Arborview Rd, Boston, MA 02130",1649000,https://www.realtor.com/realestateandhomes-detail/43-Arborview-Rd_Boston_MA_02130_M48171-53211,https://ap.rdcpix.com/8a9f342d2d84357a41c813a143bcfd27l-b3269642373od-w480_h480_q80.jpg,4,2325,43 Arborview Rd,Boston,MA,02130
"490 Bennington St Unit 2, Boston, MA 02128",759000,https://www.realtor.com/realestateandhomes-detail/490-Bennington-St-Unit-2_East-Boston_MA_02128_M94981-40408,https://ap.rdcpix.com/fcef22dad0e78b2711664e238b57a441l-m44517969od-w480_h480_q80.jpg,2,1176,490 Bennington St Unit 2,Boston,MA,02128
"138 W 8th St, Boston, MA 02127",1649000,https://www.realtor.com/realestateandhomes-detail/138-W-8th-St_Boston_MA_02127_M39291-12803,https://ap.rdcpix.com/8ca11797e2f8ed4f13210167abbc8a82l-m781460291od-w480_h480_q80.jpg,4,2314,138 W 8th St,Boston,MA,02127
"57 Brighton Ave Apt C, Boston, MA 02134",375000,https://www.realtor.com/realestateandhomes-detail/57-Brighton-Ave-Apt-C_Boston_MA_02134_M31459-97511,https://ap.rdcpix.com/55984b75f9156570d35c5ffb62d73913l-m2446860294od-w480_h480_q80.jpg,2,660,57 Brighton Ave Apt C,Boston,MA,02134
"28 Atlantic Ave Unit 435, Boston, MA 02110",1345000,https://www.realtor.com/realestateandhomes-detail/28-32-Atlantic-Ave-435_Boston_MA_M32454-05225,https://ap.rdcpix.com/0da65b072df23aeba10f03cfd4da0ed6l-m352895545od-w480_h480_q80.jpg,1,1280,28 Atlantic Ave Unit 435,Boston,MA,02110
"104 Train St Apt 2, Boston, MA 02122",595000,https://www.realtor.com/realestateandhomes-detail/104-Train-St-Apt-2_Boston_MA_02122_M90287-13969,https://ap.rdcpix.com/ce5ab9ddac18969c9ced045b715ac1d8l-m634333657od-w480_h480_q80.jpg,3,1076,104 Train St Apt 2,Boston,MA,02122
"569 E 7th St, Boston, MA 02127",949000,https://www.realtor.com/realestateandhomes-detail/569-E-7th-St_Boston_MA_02127_M47557-64832,https://ap.rdcpix.com/31d275c24988dcdbed0f1ea6a7c6b1d9l-m3618266903od-w480_h480_q80.jpg,3,1764,569 E 7th St,Boston,MA,02127
"55 Greenwich St Apt 3, Boston, MA 02120",425000,https://www.realtor.com/realestateandhomes-detail/55-Greenwich-St-Apt-3_Boston_MA_02120_M96472-28654,https://ap.rdcpix.com/611c946a58430aac33a8677745dd7db7l-m916074723od-w480_h480_q80.jpg,1,500,55 Greenwich St Apt 3,Boston,MA,02120
"1973 Dorchester Ave Apt 6013, Boston, MA 02124",535000,https://www.realtor.com/realestateandhomes-detail/1973-Dorchester-Ave-Apt-6013_Boston_MA_02124_M93836-49153,https://ap.rdcpix.com/f2c88f414b0bf9e22da43bb9a5d21a22l-b261722398od-w480_h480_q80.jpg,2,828,1973 Dorchester Ave Apt 6013,Boston,MA,02124
"30 Copeland St Apt 1, Boston, MA 02119",649000,https://www.realtor.com/realestateandhomes-detail/30-Copeland-St-Apt-1_Boston_MA_02119_M92332-01693,https://ap.rdcpix.com/dfd5ada84c02b833006f437e52cf93b5l-m1949723776od-w480_h480_q80.jpg,2,1252,30 Copeland St Apt 1,Boston,MA,02119
"658 E 6th St Apt 3, Boston, MA 02127",749000,https://www.realtor.com/realestateandhomes-detail/658-E-6th-St-Apt-3_South-Boston_MA_02127_M35661-14702,https://ap.rdcpix.com/52b2ff160ee422d64f2f1f26ed75302al-b761144307od-w480_h480_q80.jpg,2,889,658 E 6th St Apt 3,Boston,MA,02127
"75 Williams Ave, Boston, MA 02136",599999,https://www.realtor.com/realestateandhomes-detail/75-Williams-Ave_Boston_MA_02136_M37929-28528,https://ap.rdcpix.com/dfa194efc8ef5db568b41941782a3a76l-b1282777700od-w480_h480_q80.jpg,3,1347,75 Williams Ave,Boston,MA,02136
"142 High St Unit 1, Boston, MA 02129",649000,https://www.realtor.com/realestateandhomes-detail/142-High-St-1_Boston_MA_02129_M45248-28489,https://ap.rdcpix.com/e46a6c9fb3b5d873608d1a7a67cd9070l-b891868549od-w480_h480_q80.jpg,1,623,142 High St Unit 1,Boston,MA,02129
"63 Perrin St Unit 1, Boston, MA 02119",975000,https://www.realtor.com/realestateandhomes-detail/63-Perrin-St-1_Boston_MA_02119_M47344-91662,https://ap.rdcpix.com/dad4f1d276f3875a9b73950487ada196l-m3316012462od-w480_h480_q80.jpg,3,2058,63 Perrin St Unit 1,Boston,MA,02119
"39 High St, Boston, MA 02129",3500000,https://www.realtor.com/realestateandhomes-detail/39-High-St_Boston_MA_02129_M96982-28507,https://ap.rdcpix.com/12dbbab4319c5a9418aca6ecf3f0ac89l-b4048196948od-w480_h480_q80.jpg,7,5200,39 High St,Boston,MA,02129
"40 Maplewood St Unit 40, Boston, MA 02132",1298000,https://www.realtor.com/realestateandhomes-detail/40-Maplewood-St_West-Roxbury_MA_02132_M92802-35067,https://ap.rdcpix.com/abbd5dd27d28e892967c38e98264ded3l-b2632880879od-w480_h480_q80.jpg,4,3900,40 Maplewood St Unit 40,Boston,MA,02132
"197 Eighth St Ph 212, Boston, MA 02129",1850000,https://www.realtor.com/realestateandhomes-detail/197-8th-St-Ph-212_Charlestown_MA_02129_M45845-65795,https://ap.rdcpix.com/4a659c10c8274b4f834a52f9b0f70229l-b2370884558od-w480_h480_q80.jpg,2,1657,197 Eighth St Ph 212,Boston,MA,02129
"39 Sullivan St Unit 3, Boston, MA 02129",800000,https://www.realtor.com/realestateandhomes-detail/39-Sullivan-St-3_Boston_MA_02129_M44449-85551,https://ap.rdcpix.com/c8fc374da5e93f6cacf61f12b0677f63l-m2831674926od-w480_h480_q80.jpg,2,711,39 Sullivan St Unit 3,Boston,MA,02129
"20 Rowes Wharf Unit TH7, Boston, MA 02110",3495000,https://www.realtor.com/realestateandhomes-detail/20-Rowes-Wharf-Unit-TH7_Boston_MA_02110_M33679-05379,https://ap.rdcpix.com/16b5494e9afe44a452a909cda9743209l-b1116224598od-w480_h480_q80.jpg,2,2350,20 Rowes Wharf Unit TH7,Boston,MA,02110
"22 Liberty Dr Ph 1D, Boston, MA 02210",8750000,https://www.realtor.com/realestateandhomes-detail/22-Liberty-Dr-Ph-1D_Boston_MA_02210_M35435-82563,https://ap.rdcpix.com/21f427a05a59a9ba11a1e647fa414f67l-m2175055809od-w480_h480_q80.jpg,3,2383,22 Liberty Dr Ph 1D,Boston,MA,02210
"90 South St Apt 3, Boston, MA 02111",1229000,https://www.realtor.com/realestateandhomes-detail/90-South-St-Apt-3_Boston_MA_02111_M42383-89157,https://ap.rdcpix.com/3c5ee624e2f13ea52426f3005546c479l-b456306213od-w480_h480_q80.jpg,2,1800,90 South St Apt 3,Boston,MA,02111
"364 Marlborough St Apt 6, Boston, MA 02115",639900,https://www.realtor.com/realestateandhomes-detail/364-Marlborough-St-Apt-6_Boston_MA_02115_M38916-40935,https://ap.rdcpix.com/7cf7b64ab6a7d8f90ea0a667a629a390l-m580461825od-w480_h480_q80.jpg,1,434,364 Marlborough St Apt 6,Boston,MA,02115
"6 Whittier Pl Apt 8P, Boston, MA 02114",494900,https://www.realtor.com/realestateandhomes-detail/6-Whittier-Pl-Apt-8P_Boston_MA_02114_M43250-22324,https://ap.rdcpix.com/e1c0761187cb2ccd41a4b3e923c6f267l-m3957071641od-w480_h480_q80.jpg,0,620,6 Whittier Pl Apt 8P,Boston,MA,02114
"1 Dalton St Unit 6102, Boston, MA 02115",29000000,https://www.realtor.com/realestateandhomes-detail/1-Dalton-St-Unit-6102_Boston_MA_02115_M91437-74772,https://ap.rdcpix.com/ec9160644c9f1b89868edfec9baaa9e1l-m2641625691od-w480_h480_q80.jpg,5,7557,1 Dalton St Unit 6102,Boston,MA,02115
"9 Appleton St Apt 304, Boston, MA 02116",1250000,https://www.realtor.com/realestateandhomes-detail/9-Appleton-St-Apt-304_Boston_MA_02116_M33451-19960,https://ap.rdcpix.com/457a41b9bf3dacac9d971455f12db680l-m3032511963od-w480_h480_q80.jpg,2,1130,9 Appleton St Apt 304,Boston,MA,02116
"146 Worcester St Apt 3, Boston, MA 02118",1100000,https://www.realtor.com/realestateandhomes-detail/146-Worcester-St-Apt-3_Boston_MA_02118_M37871-44389,https://ap.rdcpix.com/9ff7ade9b78e01a599fbeb109ee886b7l-w2024637355od-w480_h480_q80.jpg,2,1063,146 Worcester St Apt 3,Boston,MA,02118
"229 Beacon St Apt 1, Boston, MA 02116",670000,https://www.realtor.com/realestateandhomes-detail/229-Beacon-St-Apt-1_Boston_MA_02116_M45608-67101,https://ap.rdcpix.com/7f8699a1535016bafa966dce05b6d6d7l-m2561494020od-w480_h480_q80.jpg,1,724,229 Beacon St Apt 1,Boston,MA,02116
"265 C St Apt 1, Boston, MA 02127",599000,https://www.realtor.com/realestateandhomes-detail/265-C-St-Apt-1_Boston_MA_02127_M47538-06704,https://ap.rdcpix.com/b188ee0cf2148163c663baf566a88dc7l-m1708083600od-w480_h480_q80.jpg,1,814,265 C St Apt 1,Boston,MA,02127
"138 Prince St Apt 1, Boston, MA 02113",789000,https://www.realtor.com/realestateandhomes-detail/138-Prince-St-Apt-1_Boston_MA_02113_M40620-42162,https://ap.rdcpix.com/a08862044aeb45245084b5b91b041b31l-b500674483od-w480_h480_q80.jpg,2,1181,138 Prince St Apt 1,Boston,MA,02113
"8 Ransom Rd Apt 17, Boston, MA 02135",549000,https://www.realtor.com/realestateandhomes-detail/8-Ransom-Rd-Apt-17_Boston_MA_02135_M34251-83652,https://ap.rdcpix.com/613eea985b194e669280c749c29f6b95l-m204658992od-w480_h480_q80.jpg,3,930,8 Ransom Rd Apt 17,Boston,MA,02135
"32 Williams St Apt 1, Boston, MA 02119",799000,https://www.realtor.com/realestateandhomes-detail/32-Williams-St-Apt-1_Roxbury_MA_02119_M44681-38919,https://ap.rdcpix.com/e0b86cb2833174c146951852b9c98f7al-m3566480347od-w480_h480_q80.jpg,2,1800,32 Williams St Apt 1,Boston,MA,02119
"203 D St Apt 2, Boston, MA 02127",619000,https://www.realtor.com/realestateandhomes-detail/203-D-St-Apt-2_Boston_MA_02127_M90363-71103,https://ap.rdcpix.com/0c387ced3f185da1f8053c7e5a8bb970l-m3360121445od-w480_h480_q80.jpg,2,680,203 D St Apt 2,Boston,MA,02127
"372 Adams St Apt 2, Boston, MA 02122",489000,https://www.realtor.com/realestateandhomes-detail/372-Adams-St-Apt-2_Boston_MA_02122_M91233-33495,https://ap.rdcpix.com/5f14e049a70b66918fe83bea3214143el-b3280209458od-w480_h480_q80.jpg,2,853,372 Adams St Apt 2,Boston,MA,02122
"27 Whitten St Apt 3, Boston, MA 02122",489000,https://www.realtor.com/realestateandhomes-detail/27-Whitten-St-Apt-3_Boston_MA_02122_M94431-94888,https://ap.rdcpix.com/b5b308688596c6c407683aad53730d2fl-m4102904218od-w480_h480_q80.jpg,2,650,27 Whitten St Apt 3,Boston,MA,02122
"108 Peterborough St Apt 7F, Boston, MA 02215",850000,https://www.realtor.com/realestateandhomes-detail/108-Peterborough-St-Apt-7F_Boston_MA_02215_M44229-98859,https://ap.rdcpix.com/37a89ee333ad8d52b6213397fc22f8bbl-m944931444od-w480_h480_q80.jpg,2,928,108 Peterborough St Apt 7F,Boston,MA,02215
"80 Revere St Apt 1, Boston, MA 02114",499000,https://www.realtor.com/realestateandhomes-detail/80-Revere-St-Apt-1_Boston_MA_02114_M42313-11074,https://ap.rdcpix.com/508cdcb2a4d82860e6c4ba32d86bf52el-m1563719368od-w480_h480_q80.jpg,0,327,80 Revere St Apt 1,Boston,MA,02114
"19 Chelsea St Apt 2, Boston, MA 02128",635000,https://www.realtor.com/realestateandhomes-detail/19-Chelsea-St-Apt-2_Boston_MA_02128_M91192-95065,https://ap.rdcpix.com/8a80534715b55a1aa9962735c4ef930bl-m2167638145od-w480_h480_q80.jpg,2,877,19 Chelsea St Apt 2,Boston,MA,02128
"1 Charles St S Ph 205, Boston, MA 02116",1775000,https://www.realtor.com/realestateandhomes-detail/1-Charles-St-S-Ph-205_Boston_MA_02116_M43287-17247,https://ap.rdcpix.com/cb38bdeb53ae2ef9b8a276a092c5719cl-b87967809od-w480_h480_q80.jpg,2,1229,1 Charles St S Ph 205,Boston,MA,02116
"20 Chestnut St Apt 1, Boston, MA 02108",6995000,https://www.realtor.com/realestateandhomes-detail/20-Chestnut-St-Apt-1_Boston_MA_02108_M48408-85531,https://ap.rdcpix.com/10a6a6073659f699205057fcf285c3edl-m2149769168od-w480_h480_q80.jpg,4,3640,20 Chestnut St Apt 1,Boston,MA,02108
"503 E 1st St Apt 8, Boston, MA 02127",1249000,https://www.realtor.com/realestateandhomes-detail/503-E-1st-St-Apt-8_Boston_MA_02127_M35238-79335,https://ap.rdcpix.com/2898ffe7356e06fd753fb41f3830b318l-m60286459od-w480_h480_q80.jpg,2,1490,503 E 1st St Apt 8,Boston,MA,02127
"241 Perkins St Unit D605, Boston, MA 02130",999000,https://www.realtor.com/realestateandhomes-detail/241-Perkins-St-Unit-D605_Boston_MA_02130_M46504-53203,https://ap.rdcpix.com/92fe74c7b3623a31de3409fc25dc838el-m717329966od-w480_h480_q80.jpg,2,2459,241 Perkins St Unit D605,Boston,MA,02130
"121 Tremont St Apt A2, Boston, MA 02135",428000,https://www.realtor.com/realestateandhomes-detail/121-Tremont-St-Apt-A2_Boston_MA_02135_M36978-30214,https://ap.rdcpix.com/17403647e6e518751dc57fa7fd0a5c9fl-m2920843735od-w480_h480_q80.jpg,1,726,121 Tremont St Apt A2,Boston,MA,02135
"2 Hawthorne Pl Apt 11E, Boston, MA 02114",735000,https://www.realtor.com/realestateandhomes-detail/2-Hawthorne-Pl-Apt-11E_Boston_MA_02114_M40841-87059,https://ap.rdcpix.com/990901e780ce17fab45d538baeea08b3l-m2418676242od-w480_h480_q80.jpg,2,1285,2 Hawthorne Pl Apt 11E,Boston,MA,02114
"14 Caddy Rd, Boston, MA 02126",789684,https://www.realtor.com/realestateandhomes-detail/14-Caddy-Rd_Boston_MA_02126_M30676-92168,https://ap.rdcpix.com/464e178a3b49980cd8d5e7f2aedb098fl-m4218272611od-w480_h480_q80.jpg,4,2976,14 Caddy Rd,Boston,MA,02126
"25 Channel Center St Unit 212, Boston, MA 02210",1150000,https://www.realtor.com/realestateandhomes-detail/25-Channel-Ctr-St-Unit-212_Boston_MA_02210_M34651-48210,https://ap.rdcpix.com/047f1539629802bbb15b155087f25208l-m3802245154od-w480_h480_q80.jpg,1,1229,25 Channel Center St Unit 212,Boston,MA,02210
"99 Tremont at Oak Sq Unit 415, Boston, MA 02135",840000,https://www.realtor.com/realestateandhomes-detail/99-Tremont-at-Oak-Sq-Unit-415_Boston_MA_02135_M90041-59740,https://ap.rdcpix.com/286faaf2032a9232c56b0207ad978b9cl-m3822879726od-w480_h480_q80.jpg,2,1149,99 Tremont at Oak Sq Unit 415,Boston,MA,02135
"534-538 Commonwealth Ave Unit 5D, Boston, MA 02215",799900,https://www.realtor.com/realestateandhomes-detail/534-538-Commonwealth-Ave-Unit-5D_Boston_MA_02215_M44065-70568,https://ap.rdcpix.com/166e34a708026e726aab263fcc4bae37l-m3668113013od-w480_h480_q80.jpg,2,909,534-538 Commonwealth Ave Unit 5D,Boston,MA,02215
"135 Seaport Blvd Apt 1810, Boston, MA 02210",3495000,https://www.realtor.com/realestateandhomes-detail/135-Seaport-Blvd-Apt-1810_Boston_MA_02210_M95140-18210,https://ap.rdcpix.com/640d24a64cb23713de6e76b0c7f36bb3l-m2265253327od-w480_h480_q80.jpg,3,1807,135 Seaport Blvd Apt 1810,Boston,MA,02210
"39 Torrey St Apt 1, Boston, MA 02124",390000,https://www.realtor.com/realestateandhomes-detail/39-Torrey-St-Apt-1_Boston_MA_02124_M47081-48615,https://ap.rdcpix.com/030fdf3d20be2bee45e1f3a4e8787483l-m1241343169od-w480_h480_q80.jpg,3,1106,39 Torrey St Apt 1,Boston,MA,02124
"6 Whittier Pl Apt 16R, Boston, MA 02114",580000,https://www.realtor.com/realestateandhomes-detail/6-Whittier-Pl-Apt-16R_Boston_MA_02114_M48848-59651,https://ap.rdcpix.com/57a7c0871ef329fa6ae4f1817607ea02l-m2367726066od-w480_h480_q80.jpg,1,895,6 Whittier Pl Apt 16R,Boston,MA,02114
"1313 Washington St Apt 603, Boston, MA 02118",587652,https://www.realtor.com/realestateandhomes-detail/1313-Washington-St-Apt-603_Boston_MA_02118_M31470-96445,https://ap.rdcpix.com/bde64e826085cdfe161a7efbfbd49d80l-m963198105od-w480_h480_q80.jpg,1,727,1313 Washington St Apt 603,Boston,MA,02118
"43 Anderson St Apt 1, Boston, MA 02114",1375000,https://www.realtor.com/realestateandhomes-detail/43-Anderson-St-Apt-1_Boston_MA_02114_M31778-04805,https://ap.rdcpix.com/a64fb6ece145f76f0663dcdb5e81fb98l-m960769181od-w480_h480_q80.jpg,3,1225,43 Anderson St Apt 1,Boston,MA,02114
"90 Bynner St Apt 10, Boston, MA 02130",449000,https://www.realtor.com/realestateandhomes-detail/90-Bynner-St-Apt-10_Boston_MA_02130_M49242-29637,https://ap.rdcpix.com/30d4dfcb2aa350a315979acaa50366cal-m680680862od-w480_h480_q80.jpg,1,645,90 Bynner St Apt 10,Boston,MA,02130
"180 Commonwealth Ave Apt 16, Boston, MA 02116",998000,https://www.realtor.com/realestateandhomes-detail/180-Commonwealth-Ave-Apt-16_Boston_MA_02116_M35106-22566,https://ap.rdcpix.com/7f1780144fe8f420e19fec2f69311e8al-m1625695168od-w480_h480_q80.jpg,2,925,180 Commonwealth Ave Apt 16,Boston,MA,02116
"408 Beacon St Apt 2, Boston, MA 02115",5395000,https://www.realtor.com/realestateandhomes-detail/408-Beacon-St-Apt-2_Boston_MA_02115_M38310-41650,https://ap.rdcpix.com/46dfd2f443ec7cb6562940e1a1c41a3fl-b4225276722od-w480_h480_q80.jpg,3,2704,408 Beacon St Apt 2,Boston,MA,02115
"202 Princeton St, Boston, MA 02128",950000,https://www.realtor.com/realestateandhomes-detail/202-Princeton-St_East-Boston_MA_02128_M92172-74388,https://ap.rdcpix.com/537d9182102d521a18190d255027b8b2l-m3070566686od-w480_h480_q80.jpg,5,2801,202 Princeton St,Boston,MA,02128
"9 W Broadway Unit 410, Boston, MA 02127",1049999,https://www.realtor.com/realestateandhomes-detail/9-W-Broadway-Unit-410_Boston_MA_02127_M40137-15236,https://ap.rdcpix.com/47e57dcba61e1ee097ca2986eb186eb8l-b4226392814od-w480_h480_q80.jpg,2,1195,9 W Broadway Unit 410,Boston,MA,02127
"164 Strathmore Rd Apt 8, Boston, MA 02135",495000,https://www.realtor.com/realestateandhomes-detail/164-Strathmore-Rd-Apt-8_Boston_MA_02135_M46673-52346,https://ap.rdcpix.com/98fc35113c5f670ac0dae1a074a6afabl-m744885013od-w480_h480_q80.jpg,1,540,164 Strathmore Rd Apt 8,Boston,MA,02135
"232 W Newton St Apt F, Boston, MA 02116",965000,https://www.realtor.com/realestateandhomes-detail/232-W-Newton-St-Apt-F_Boston_MA_02116_M46991-60523,https://ap.rdcpix.com/53cc51811d6cbfbb6082895bf968b15al-m3362834184od-w480_h480_q80.jpg,1,712,232 W Newton St Apt F,Boston,MA,02116
"8A Faunce Rd Unit A, Boston, MA 02126",599000,https://www.realtor.com/realestateandhomes-detail/8A-Faunce-Rd-A_Boston_MA_02126_M99246-36046,https://ap.rdcpix.com/0c491081d06690aa742ae9860639bb2dl-m2739683279od-w480_h480_q80.jpg,3,1297,8A Faunce Rd Unit A,Boston,MA,02126
"7 Lorenzo St, Boston, MA 02122",1200000,https://www.realtor.com/realestateandhomes-detail/7-Lorenzo-St_Boston_MA_02122_M42355-47499,https://ap.rdcpix.com/a0661b2b77b2a808f46b9816eea967a4l-m807997732od-w480_h480_q80.jpg,3,1756,7 Lorenzo St,Boston,MA,02122
"33 Cordis St, Boston, MA 02129",2999999,https://www.realtor.com/realestateandhomes-detail/33-Cordis-St_Boston_MA_02129_M37428-84739,https://ap.rdcpix.com/4e0399ea72030e4517d300ab1120795bl-m3879805441od-w480_h480_q80.jpg,4,5212,33 Cordis St,Boston,MA,02129
"34 Hancock St Apt 1D, Boston, MA 02114",499000,https://www.realtor.com/realestateandhomes-detail/34-Hancock-St-Apt-1D_Boston_MA_02114_M45469-92798,https://ap.rdcpix.com/11d0362c285cfa852dd508b80a358861l-m3918296075od-w480_h480_q80.jpg,0,390,34 Hancock St Apt 1D,Boston,MA,02114
"715 E 7th St, Boston, MA 02127",1425000,https://www.realtor.com/realestateandhomes-detail/715-E-7th-St_Boston_MA_02127_M95949-60327,https://ap.rdcpix.com/7774d046871c3d024526a9f0b5b2e53al-m885070940od-w480_h480_q80.jpg,4,1834,715 E 7th St,Boston,MA,02127
"35 Larch St, Boston, MA 02135",1150000,https://www.realtor.com/realestateandhomes-detail/35-Larch-St_Boston_MA_02135_M45810-57322,https://ap.rdcpix.com/42ebc83ebd72cd56649934af8694659cl-b2954726924od-w480_h480_q80.jpg,6,2683,35 Larch St,Boston,MA,02135
"11 Chestnut St, Boston, MA 02108",9200000,https://www.realtor.com/realestateandhomes-detail/11-Chestnut-St_Boston_MA_02108_M40676-89619,https://ap.rdcpix.com/fac9c94e01986f55d9072356cf8352f7l-m3467321006od-w480_h480_q80.jpg,4,6596,11 Chestnut St,Boston,MA,02108
"390 Riverway Apt 15, Boston, MA 02115",695900,https://www.realtor.com/realestateandhomes-detail/390-Riverway-Apt-15_Boston_MA_02115_M40047-02655,https://ap.rdcpix.com/05938e8107c5fb915f396ff84f953e94l-m1573896326od-w480_h480_q80.jpg,2,825,390 Riverway Apt 15,Boston,MA,02115
"1524 Commonwealth Ave, Boston, MA 02135",1499900,https://www.realtor.com/realestateandhomes-detail/1524-Commonwealth-Ave_Boston_MA_02135_M99503-42211,https://ap.rdcpix.com/316920471d38ff4df5e811a7e44ba89al-m4166669280od-w480_h480_q80.jpg,8,3331,1524 Commonwealth Ave,Boston,MA,02135
"10 Melrose St Apt 3, Boston, MA 02116",1450000,https://www.realtor.com/realestateandhomes-detail/10-Melrose-St-Apt-3_Boston_MA_02116_M49584-24028,https://ap.rdcpix.com/7659adaa9bc22727a41e2d075eb9fecfl-m41025462od-w480_h480_q80.jpg,2,975,10 Melrose St Apt 3,Boston,MA,02116
"61 Victory Rd Unit 61, Boston, MA 02122",625000,https://www.realtor.com/realestateandhomes-detail/61-Victory-Rd_Boston_MA_02122_M42279-79637,https://ap.rdcpix.com/82d5200f7267b83aae2abe6789690af1l-m3834650701od-w480_h480_q80.jpg,2,1366,61 Victory Rd Unit 61,Boston,MA,02122
"1180-1200 Washington St Unit 213, Boston, MA 02118",769000,https://www.realtor.com/realestateandhomes-detail/1180-1200-Washington-St-Unit-213_Boston_MA_02118_M97653-22971,https://ap.rdcpix.com/76b6ebef0e7b46675c695e798948d20cl-b571798507od-w480_h480_q80.jpg,1,952,1180-1200 Washington St Unit 213,Boston,MA,02118
"1789 Centre St Unit 205, Boston, MA 02132",799900,https://www.realtor.com/realestateandhomes-detail/1789-Centre-St-Unit-205_West-Roxbury_MA_02132_M97037-11067,https://ap.rdcpix.com/2b41ed4c1ff52ad78e5c7ee3cb9a866cl-m2097747015od-w480_h480_q80.jpg,2,1295,1789 Centre St Unit 205,Boston,MA,02132
"351 Dorchester St Unit 3, Boston, MA 02127",549900,https://www.realtor.com/realestateandhomes-detail/351-Dorchester-St-Unit-3_Boston_MA_02127_M30621-22544,https://ap.rdcpix.com/4d8bb482491029ec7b1923a594b672f4l-m3821804137od-w480_h480_q80.jpg,2,719,351 Dorchester St Unit 3,Boston,MA,02127
"1 Franklin St Ph 4A, Midtown, MA 02110",11995000,https://www.realtor.com/realestateandhomes-detail/1-Franklin-St-Ph-4A_Boston_MA_02110_M46387-08041,https://ap.rdcpix.com/53005c8a260c1358842e795754506064l-m2918962756od-w480_h480_q80.jpg,3,4172,1 Franklin St Ph 4A,Midtown,MA,02110
"11 Appleton St Unit 3, Boston, MA 02116",1389000,https://www.realtor.com/realestateandhomes-detail/11-Appleton-St-3_Boston_MA_02116_M36134-07417,https://ap.rdcpix.com/2e1472fa274347dfabbe9420abf1badfl-b74977306od-w480_h480_q80.jpg,2,1031,11 Appleton St Unit 3,Boston,MA,02116
"70 Bremen St Apt 308, Boston, MA 02128",739000,https://www.realtor.com/realestateandhomes-detail/70-Bremen-St-Apt-308_Boston_MA_02128_M47153-20001,https://ap.rdcpix.com/58a323281483cb08a7e7a88f429f5fd5l-m2790077476od-w480_h480_q80.jpg,3,1108,70 Bremen St Apt 308,Boston,MA,02128
"64 Revere St, Boston, MA 02114",7000000,https://www.realtor.com/realestateandhomes-detail/64-Revere-St_Boston_MA_02114_M93411-17268,https://ap.rdcpix.com/83aa11ecf91e3e0663a582108d149fc0l-m2953520697od-w480_h480_q80.jpg,9,6240,64 Revere St,Boston,MA,02114
"50 American Legion Hwy, Boston, MA 02124",1430000,https://www.realtor.com/realestateandhomes-detail/50-American-Legion-Hwy_Boston_MA_02124_M46987-07525,https://ap.rdcpix.com/4fbd9bf567ecd2abcd3ee2c2f35dfc9dl-m785116058od-w480_h480_q80.jpg,9,3521,50 American Legion Hwy,Boston,MA,02124
"386 Commercial St Apt 4A, Boston, MA 02109",615000,https://www.realtor.com/realestateandhomes-detail/386-Commercial-St-Apt-4A_Boston_MA_02109_M37356-75964,https://ap.rdcpix.com/326dfba461b5becff3fea8534fe78086l-m3928088375od-w480_h480_q80.jpg,1,510,386 Commercial St Apt 4A,Boston,MA,02109
"15 River St Apt 706, Boston, MA 02108",770000,https://www.realtor.com/realestateandhomes-detail/15-River-St-Apt-706_Boston_MA_02108_M44216-87673,https://ap.rdcpix.com/908aed9d3c716dd4dd2da99c46e83effl-b1727097064od-w480_h480_q80.jpg,1,519,15 River St Apt 706,Boston,MA,02108
"198 Allston St Unit 3, Boston, MA 02135",280000,https://www.realtor.com/realestateandhomes-detail/198-Allston-St-Unit-3_Brighton_MA_02135_M41439-89450,https://ap.rdcpix.com/88bb31ff642b2930d2032772ea97953al-b138864414od-w480_h480_q80.jpg,1,318,198 Allston St Unit 3,Boston,MA,02135
"150 Staniford St Apt 520, Boston, MA 02114",830000,https://www.realtor.com/realestateandhomes-detail/150-Staniford-St-Apt-520_Boston_MA_02114_M35882-64796,https://ap.rdcpix.com/f670300fdd7e9a1a305c1427a2e18b3al-m3574412052od-w480_h480_q80.jpg,2,1131,150 Staniford St Apt 520,Boston,MA,02114
"10 G St, Boston, MA 02127",1050000,https://www.realtor.com/realestateandhomes-detail/10-G-St_Boston_MA_02127_M40146-82927,https://ap.rdcpix.com/cb0f6c2d88f820f331dd6eade2b8c9e4l-b485524213od-w480_h480_q80.jpg,5,2549,10 G St,Boston,MA,02127
"269 Commonwealth Ave, Boston, MA 02116",11900000,https://www.realtor.com/realestateandhomes-detail/269-Commonwealth-Ave_Boston_MA_02116_M42319-48967,https://ap.rdcpix.com/9968f296ebc800dc3f069f2e8e20655fl-m363845261od-w480_h480_q80.jpg,8,8508,269 Commonwealth Ave,Boston,MA,02116
"1933 Commonwealth Ave Apt 102, Boston, MA 02135",570000,https://www.realtor.com/realestateandhomes-detail/1933-Commonwealth-Ave-Apt-102_Boston_MA_02135_M39622-06183,https://ap.rdcpix.com/e4d8a938e2446e23f913010b709730a2l-b2400092380od-w480_h480_q80.jpg,1,675,1933 Commonwealth Ave Apt 102,Boston,MA,02135
"88 Mount Vernon St Apt 2, Boston, MA 02125",559000,https://www.realtor.com/realestateandhomes-detail/88-Mount-Vernon-St-Apt-2_Boston_MA_02125_M44416-21160,https://ap.rdcpix.com/adf2b2a5e501c55b97d802e1b3821436l-m1876998487od-w480_h480_q80.jpg,3,845,88 Mount Vernon St Apt 2,Boston,MA,02125
"6 Whittier Pl Apt 3J, Boston, MA 02114",590000,https://www.realtor.com/realestateandhomes-detail/6-Whittier-Pl-Apt-3J_Boston_MA_02114_M48801-26876,https://ap.rdcpix.com/bc05d25656dfbce6f54c789f4c8bbd24l-b2201171869od-w480_h480_q80.jpg,1,892,6 Whittier Pl Apt 3J,Boston,MA,02114
"19 Macullar Rd, Boston, MA 02132",569900,https://www.realtor.com/realestateandhomes-detail/19-Macullar-Rd_Boston_MA_02132_M38264-71025,https://ap.rdcpix.com/b9119f97030e53ee86eb896668c248del-b824899696od-w480_h480_q80.jpg,3,864,19 Macullar Rd,Boston,MA,02132
"300 Boylston St Unit 714, Boston, MA 02116",1795000,https://www.realtor.com/realestateandhomes-detail/300-Boylston-St-Unit-714_Boston_MA_02116_M34811-52023,https://ap.rdcpix.com/75cb54d725ba14aa1203f0610bf70400l-b896746124od-w480_h480_q80.jpg,1,1142,300 Boylston St Unit 714,Boston,MA,02116
